-- MySQL dump 10.13  Distrib 8.0.11, for Win64 (x86_64)
--
-- Host: localhost    Database: darties_db
-- ------------------------------------------------------
-- Server version	8.0.16

/*!40101 SET @OLD_CHARACTER_SET_CLIENT=@@CHARACTER_SET_CLIENT */;
/*!40101 SET @OLD_CHARACTER_SET_RESULTS=@@CHARACTER_SET_RESULTS */;
/*!40101 SET @OLD_COLLATION_CONNECTION=@@COLLATION_CONNECTION */;
 SET NAMES utf8 ;
/*!40103 SET @OLD_TIME_ZONE=@@TIME_ZONE */;
/*!40103 SET TIME_ZONE='+00:00' */;
/*!40014 SET @OLD_UNIQUE_CHECKS=@@UNIQUE_CHECKS, UNIQUE_CHECKS=0 */;
/*!40014 SET @OLD_FOREIGN_KEY_CHECKS=@@FOREIGN_KEY_CHECKS, FOREIGN_KEY_CHECKS=0 */;
/*!40101 SET @OLD_SQL_MODE=@@SQL_MODE, SQL_MODE='NO_AUTO_VALUE_ON_ZERO' */;
/*!40111 SET @OLD_SQL_NOTES=@@SQL_NOTES, SQL_NOTES=0 */;

--
-- Table structure for table `date`
--

DROP TABLE IF EXISTS `date`;
/*!40101 SET @saved_cs_client     = @@character_set_client */;
 SET character_set_client = utf8mb4 ;
CREATE TABLE `date` (
  `id` int(11) NOT NULL AUTO_INCREMENT,
  `mois` varchar(10) NOT NULL,
  `annee` int(11) NOT NULL,
  `datetime` datetime NOT NULL,
  PRIMARY KEY (`id`),
  UNIQUE KEY `id_UNIQUE` (`id`)
) ENGINE=InnoDB AUTO_INCREMENT=181 DEFAULT CHARSET=utf8;
/*!40101 SET character_set_client = @saved_cs_client */;

--
-- Dumping data for table `date`
--

LOCK TABLES `date` WRITE;
/*!40000 ALTER TABLE `date` DISABLE KEYS */;
INSERT INTO `date` VALUES (157,'Janvier',2019,'2019-01-01 00:00:00'),(158,'Fevrier',2019,'2019-02-01 00:00:00'),(159,'Mars',2019,'2019-03-01 00:00:00'),(160,'Avril',2019,'2019-03-31 23:00:00'),(161,'Mai',2019,'2019-04-30 23:00:00'),(162,'Juin',2019,'2019-05-31 23:00:00'),(163,'Juillet',2019,'2019-06-30 23:00:00'),(164,'Aout',2019,'2019-07-31 23:00:00'),(165,'Septembre',2019,'2019-08-31 23:00:00'),(166,'Octobre',2019,'2019-09-30 23:00:00'),(167,'Novembre',2019,'2019-11-01 00:00:00'),(168,'Decembre',2019,'2019-12-01 00:00:00'),(169,'Janvier',2018,'2018-01-01 00:00:00'),(170,'Fevrier',2018,'2018-02-01 00:00:00'),(171,'Mars',2018,'2018-03-01 00:00:00'),(172,'Avril',2018,'2018-03-31 23:00:00'),(173,'Mai',2018,'2018-04-30 23:00:00'),(174,'Juin',2018,'2018-05-31 23:00:00'),(175,'Juillet',2018,'2018-06-30 23:00:00'),(176,'Aout',2018,'2018-07-31 23:00:00'),(177,'Septembre',2018,'2018-08-31 23:00:00'),(178,'Octobre',2018,'2018-09-30 23:00:00'),(179,'Novembre',2018,'2018-11-01 00:00:00'),(180,'Decembre',2018,'2018-12-01 00:00:00');
/*!40000 ALTER TABLE `date` ENABLE KEYS */;
UNLOCK TABLES;

--
-- Table structure for table `devise`
--

DROP TABLE IF EXISTS `devise`;
/*!40101 SET @saved_cs_client     = @@character_set_client */;
 SET character_set_client = utf8mb4 ;
CREATE TABLE `devise` (
  `id` int(11) NOT NULL AUTO_INCREMENT,
  `nom` varchar(45) NOT NULL,
  `symbole` varchar(45) NOT NULL,
  `taux_conversion_euro` varchar(45) NOT NULL,
  PRIMARY KEY (`id`),
  UNIQUE KEY `id_UNIQUE` (`id`),
  UNIQUE KEY `nom_UNIQUE` (`nom`),
  UNIQUE KEY `symbole_UNIQUE` (`symbole`),
  UNIQUE KEY `taux_conversion_euro_UNIQUE` (`taux_conversion_euro`)
) ENGINE=InnoDB AUTO_INCREMENT=3 DEFAULT CHARSET=utf8;
/*!40101 SET character_set_client = @saved_cs_client */;

--
-- Dumping data for table `devise`
--

LOCK TABLES `devise` WRITE;
/*!40000 ALTER TABLE `devise` DISABLE KEYS */;
INSERT INTO `devise` VALUES (2,'Euro','€','1');
/*!40000 ALTER TABLE `devise` ENABLE KEYS */;
UNLOCK TABLES;

--
-- Table structure for table `indicateur`
--

DROP TABLE IF EXISTS `indicateur`;
/*!40101 SET @saved_cs_client     = @@character_set_client */;
 SET character_set_client = utf8mb4 ;
CREATE TABLE `indicateur` (
  `id` int(11) NOT NULL AUTO_INCREMENT,
  `nom` varchar(45) DEFAULT NULL,
  `abbreviation` varchar(45) DEFAULT NULL,
  PRIMARY KEY (`id`)
) ENGINE=InnoDB AUTO_INCREMENT=9 DEFAULT CHARSET=utf8;
/*!40101 SET character_set_client = @saved_cs_client */;

--
-- Dumping data for table `indicateur`
--

LOCK TABLES `indicateur` WRITE;
/*!40000 ALTER TABLE `indicateur` DISABLE KEYS */;
INSERT INTO `indicateur` VALUES (6,'Chiffre d\'affaire','CA'),(7,'Marge brute','MB'),(8,'Ventes','V');
/*!40000 ALTER TABLE `indicateur` ENABLE KEYS */;
UNLOCK TABLES;

--
-- Table structure for table `magasin`
--

DROP TABLE IF EXISTS `magasin`;
/*!40101 SET @saved_cs_client     = @@character_set_client */;
 SET character_set_client = utf8mb4 ;
CREATE TABLE `magasin` (
  `id` int(11) NOT NULL AUTO_INCREMENT,
  `enseigne` varchar(60) CHARACTER SET latin1 COLLATE latin1_general_ci NOT NULL,
  `ville` varchar(60) CHARACTER SET latin1 COLLATE latin1_general_ci NOT NULL,
  `code_postal` varchar(45) CHARACTER SET latin1 COLLATE latin1_general_ci NOT NULL,
  `code_departement` int(11) NOT NULL,
  `departement` varchar(45) CHARACTER SET latin1 COLLATE latin1_general_ci NOT NULL,
  `region` varchar(45) CHARACTER SET latin1 COLLATE latin1_general_ci NOT NULL,
  `pays` varchar(45) CHARACTER SET latin1 COLLATE latin1_general_ci NOT NULL,
  PRIMARY KEY (`id`),
  UNIQUE KEY `idpays_UNIQUE` (`id`)
) ENGINE=InnoDB AUTO_INCREMENT=97 DEFAULT CHARSET=latin1 COLLATE=latin1_general_ci;
/*!40101 SET character_set_client = @saved_cs_client */;

--
-- Dumping data for table `magasin`
--

LOCK TABLES `magasin` WRITE;
/*!40000 ALTER TABLE `magasin` DISABLE KEYS */;
INSERT INTO `magasin` VALUES (49,'Darty','Alencon','61000',61,'Orne','Nord_Ouest',''),(50,'Leroy_merlin','Amiens','80000',80,'Somme','Nord_Ouest',''),(51,'Boulanger','Angers','49000',49,'Maine-et-Loire','Nord_Ouest',''),(52,'Darty','Angouleme','16000',16,'Charente','Nord_Ouest',''),(53,'Leroy_merlin','Arras','62000',62,'Pas-de-Calais','Nord_Est',''),(54,'Boulanger','Bastia','20600',26,'Haute-Corse','Sud_Ouest',''),(55,'Darty','Besancon','25000',25,'Doubs','Nord_Est',''),(56,'Darty','Bobigny','93000',93,'Seine-Saint-Denis','Region_parisienne',''),(57,'Leroy_merlin','Bordeaux','33000',33,'Gironde','Sud_Ouest',''),(58,'Boulanger','Bourges','18000',18,'Cher','Sud_Est',''),(59,'Darty','Carcassonne','11000',11,'Aude','Sud_Est',''),(60,'Leroy_merlin','Cergy_Pontoise','95000',95,'Val-d\'Oise','Region_parisienne',''),(61,'Boulanger','Chambery','73000',73,'Savoie','Sud_Est',''),(62,'Darty','Clermont_Ferrand','63000',63,'Puy-de-dome','Sud_Est',''),(63,'Darty','Creteil','94000',94,'Val-de-marne','Region_parisienne',''),(64,'Leroy_merlin','Digne','04000',4,'alpes-de-Haute-provence','Sud_Est',''),(65,'Boulanger','Dijon','21000',21,'Côte-d\'Or','Nord_Est',''),(66,'Darty','Evry','91000',91,'Essonne','Region_parisienne',''),(67,'Leroy_merlin','Foix','09000',9,'Ariège','Sud_Est',''),(68,'Boulanger','Grenoble','38000',38,'Isère','Nord_Est',''),(69,'Darty','Lille','59000',59,'Nord','Nord_Ouest',''),(70,'Darty','Limoges','87000',87,'Haute-Vienne','Sud_Ouest',''),(71,'Darty','Lyon','69000',69,'Rhône','Sud_Est',''),(72,'Leroy_merlin','Marseille','13001',13,'Bouches-du-Rhône','Sud_Est',''),(73,'Boulanger','Melun','77000',77,'Seine-et-Marne','Nord_Ouest',''),(74,'Darty','Metz','57000',57,'Moselle','Nord_Est',''),(75,'Leroy_merlin','Nimes','30000',30,'Gard','Sud_Est',''),(76,'Boulanger','Nancy','54000',54,'Meurthe-et-Moselle','Nord_Est',''),(77,'Darty','Nanterre','92000',92,'Hauts-de-Seine','Nord_Ouest',''),(78,'Darty','Nantes','44000',44,'Loire-Atlantique','Nord_Ouest',''),(79,'Leroy_merlin','Nice','06000',6,'Alpes-maritimes','Sud_Est',''),(80,'Boulanger','Perigueux','24000',24,'dordogne','Sud_Ouest',''),(81,'Darty','Paris_Nord','0',0,'','Region_parisienne',''),(82,'Leroy_merlin','Paris_Sud','',0,'','Region_parisienne',''),(83,'Darty','Pau','64000',64,'Pyrénées-Atlantiques','Sud_Est',''),(84,'Leroy_merlin','Quimper','29000',29,'Finistère','Nord_Ouest',''),(85,'Boulanger','Rodez','12000',12,'Aveyron','Sud_Ouest',''),(86,'Darty','Rouen','76000',76,'Seine-maritime','Nord_Ouest',''),(87,'Leroy_merlin','St_Brieuc','22000',22,'côtes-d\'armor','Nord_Ouest',''),(88,'Boulanger','St_Etienne','42000',42,'Loire','Sud_Est',''),(89,'Darty','Strasbourg','67000',67,'Bas-Rhin','Nord_Est',''),(90,'Darty','Tarbes','65000',65,'Hautes-Pyrénées','Sud_Ouest',''),(91,'Leroy_merlin','Toulon','83000',83,'Var','Sud_Ouest',''),(92,'Boulanger','Tours','37000',37,'Indre-et-Loire','Sud_Ouest',''),(93,'Darty','Troyes','10000',10,'Aube','Nord_Est',''),(94,'Leroy_merlin','Valence','26000',26,'Drôme','Sud_Ouest',''),(95,'Boulanger','Valenciennes','59300',59,'Nord','Nord_Est',''),(96,'Darty','Versailles','78000',78,'Yvelines','Region_parisienne','');
/*!40000 ALTER TABLE `magasin` ENABLE KEYS */;
UNLOCK TABLES;

--
-- Table structure for table `produit`
--

DROP TABLE IF EXISTS `produit`;
/*!40101 SET @saved_cs_client     = @@character_set_client */;
 SET character_set_client = utf8mb4 ;
CREATE TABLE `produit` (
  `id` int(11) NOT NULL AUTO_INCREMENT,
  `type_produit` varchar(45) NOT NULL,
  PRIMARY KEY (`id`),
  UNIQUE KEY `id_UNIQUE` (`id`),
  UNIQUE KEY `type_produit_UNIQUE` (`type_produit`)
) ENGINE=InnoDB AUTO_INCREMENT=8 DEFAULT CHARSET=utf8;
/*!40101 SET character_set_client = @saved_cs_client */;

--
-- Dumping data for table `produit`
--

LOCK TABLES `produit` WRITE;
/*!40000 ALTER TABLE `produit` DISABLE KEYS */;
INSERT INTO `produit` VALUES (5,'Fours'),(7,'Hifi'),(6,'Magneto');
/*!40000 ALTER TABLE `produit` ENABLE KEYS */;
UNLOCK TABLES;

--
-- Table structure for table `utilisateur`
--

DROP TABLE IF EXISTS `utilisateur`;
/*!40101 SET @saved_cs_client     = @@character_set_client */;
 SET character_set_client = utf8mb4 ;
CREATE TABLE `utilisateur` (
  `id` int(11) NOT NULL AUTO_INCREMENT,
  `nom` varchar(45) NOT NULL,
  `prenom` varchar(45) NOT NULL,
  `role` varchar(45) NOT NULL,
  `login` varchar(45) NOT NULL,
  `mdp` varchar(100) NOT NULL,
  PRIMARY KEY (`id`),
  UNIQUE KEY `id_UNIQUE` (`id`),
  UNIQUE KEY `login_UNIQUE` (`login`)
) ENGINE=InnoDB DEFAULT CHARSET=utf8;
/*!40101 SET character_set_client = @saved_cs_client */;

--
-- Dumping data for table `utilisateur`
--

LOCK TABLES `utilisateur` WRITE;
/*!40000 ALTER TABLE `utilisateur` DISABLE KEYS */;
/*!40000 ALTER TABLE `utilisateur` ENABLE KEYS */;
UNLOCK TABLES;

--
-- Table structure for table `vente`
--

DROP TABLE IF EXISTS `vente`;
/*!40101 SET @saved_cs_client     = @@character_set_client */;
 SET character_set_client = utf8mb4 ;
CREATE TABLE `vente` (
  `id` int(11) NOT NULL AUTO_INCREMENT,
  `id_produit` int(11) NOT NULL,
  `id_magasin` int(11) NOT NULL,
  `id_devise` int(11) NOT NULL,
  `id_date` int(11) NOT NULL,
  `id_indicateur` int(11) NOT NULL,
  `reel` float NOT NULL,
  `objectif` float DEFAULT NULL,
  PRIMARY KEY (`id`),
  UNIQUE KEY `id_UNIQUE` (`id`),
  KEY `fk_vente_1_idx` (`id_produit`),
  KEY `fk_vente_2_idx` (`id_magasin`),
  KEY `fk_vente_3_idx` (`id_devise`),
  KEY `fk_vente_4_idx` (`id_date`),
  KEY `fk_vente_5_idx` (`id_indicateur`),
  CONSTRAINT `fk_vente_1` FOREIGN KEY (`id_produit`) REFERENCES `produit` (`id`) ON DELETE CASCADE ON UPDATE CASCADE,
  CONSTRAINT `fk_vente_2` FOREIGN KEY (`id_magasin`) REFERENCES `magasin` (`id`) ON DELETE CASCADE ON UPDATE CASCADE,
  CONSTRAINT `fk_vente_3` FOREIGN KEY (`id_devise`) REFERENCES `devise` (`id`) ON DELETE CASCADE ON UPDATE CASCADE,
  CONSTRAINT `fk_vente_4` FOREIGN KEY (`id_date`) REFERENCES `date` (`id`) ON DELETE CASCADE ON UPDATE CASCADE,
  CONSTRAINT `fk_vente_5` FOREIGN KEY (`id_indicateur`) REFERENCES `indicateur` (`id`) ON DELETE CASCADE ON UPDATE CASCADE
) ENGINE=InnoDB AUTO_INCREMENT=5226 DEFAULT CHARSET=utf8;
/*!40101 SET character_set_client = @saved_cs_client */;

--
-- Dumping data for table `vente`
--

LOCK TABLES `vente` WRITE;
/*!40000 ALTER TABLE `vente` DISABLE KEYS */;
INSERT INTO `vente` VALUES (42,5,49,2,157,8,20.3,20.3),(43,5,49,2,157,6,0.66,0.66),(44,5,49,2,157,7,3,3),(45,5,49,2,158,8,20.3,33.8),(46,5,49,2,158,6,0.66,1.64),(47,5,49,2,158,7,3,5),(48,5,49,2,159,8,20.3,40.5),(49,5,49,2,159,6,0.66,1.16),(50,5,49,2,159,7,3,6),(51,5,49,2,160,8,20.3,13.5),(52,5,49,2,160,6,0.66,1.27),(53,5,49,2,160,7,3,2),(54,5,49,2,161,8,20.3,418.6),(55,5,49,2,161,6,0.66,2.46),(56,5,49,2,161,7,3,62),(57,5,49,2,162,8,20.3,276.8),(58,5,49,2,162,6,0.66,1.12),(59,5,49,2,162,7,3,41),(60,5,49,2,163,8,20.3,189.1),(61,5,49,2,163,6,0.66,0.86),(62,5,49,2,163,7,3,28),(63,5,49,2,164,8,20.3,276.8),(64,5,49,2,164,6,0.66,0.78),(65,5,49,2,164,7,3,41),(66,5,49,2,165,8,20.3,182.3),(67,5,49,2,165,6,0.66,1.29),(68,5,49,2,165,7,3,27),(69,5,49,2,166,8,20.3,216.1),(70,5,49,2,166,6,0.66,1),(71,5,49,2,166,7,3,32),(72,5,49,2,167,8,20.3,270.1),(73,5,49,2,167,6,0.66,2.08),(74,5,49,2,167,7,3,40),(75,5,49,2,168,8,20.3,445.7),(76,5,49,2,168,6,0.66,0.61),(77,5,49,2,168,7,3,66),(78,5,50,2,157,8,20.9,20.9),(79,5,50,2,157,6,1.95,1.95),(80,5,50,2,157,7,2,2),(81,5,50,2,158,8,20.9,20.9),(82,5,50,2,158,6,1.95,1.33),(83,5,50,2,158,7,2,2),(84,5,50,2,159,8,20.9,20.9),(85,5,50,2,159,6,1.95,0.65),(86,5,50,2,159,7,2,2),(87,5,50,2,160,8,20.9,20.9),(88,5,50,2,160,6,1.95,0.98),(89,5,50,2,160,7,2,2),(90,5,50,2,161,8,20.9,460.4),(91,5,50,2,161,6,1.95,1.66),(92,5,50,2,161,7,2,44),(93,5,50,2,162,8,20.9,533.7),(94,5,50,2,162,6,1.95,1.73),(95,5,50,2,162,7,2,51),(96,5,50,2,163,8,20.9,313.9),(97,5,50,2,163,6,1.95,1.15),(98,5,50,2,163,7,2,30),(99,5,50,2,164,8,20.9,439.5),(100,5,50,2,164,6,1.95,0.54),(101,5,50,2,164,7,2,42),(102,5,50,2,165,8,20.9,52.3),(103,5,50,2,165,6,1.95,0.77),(104,5,50,2,165,7,2,5),(105,5,50,2,166,8,20.9,62.8),(106,5,50,2,166,6,1.95,1.97),(107,5,50,2,166,7,2,6),(108,5,50,2,167,8,20.9,31.4),(109,5,50,2,167,6,1.95,0.73),(110,5,50,2,167,7,2,3),(111,5,50,2,168,8,20.9,94.2),(112,5,50,2,168,6,1.95,1.75),(113,5,50,2,168,7,2,9),(114,5,51,2,157,8,0,0),(115,5,51,2,157,6,0.01,0.01),(116,5,51,2,157,7,0,0),(117,5,51,2,158,8,0,0),(118,5,51,2,158,6,0.01,0.01),(119,5,51,2,158,7,0,0),(120,5,51,2,159,8,0,0),(121,5,51,2,159,6,0.01,-0.02),(122,5,51,2,159,7,0,0),(123,5,51,2,160,8,0,0),(124,5,51,2,160,6,0.01,0),(125,5,51,2,160,7,0,0),(126,5,51,2,161,8,0,0),(127,5,51,2,161,6,0.01,0),(128,5,51,2,161,7,0,0),(129,5,51,2,162,8,0,0),(130,5,51,2,162,6,0.01,0.01),(131,5,51,2,162,7,0,0),(132,5,51,2,163,8,0,0),(133,5,51,2,163,6,0.01,0.01),(134,5,51,2,163,7,0,0),(135,5,51,2,164,8,0,0),(136,5,51,2,164,6,0.01,0),(137,5,51,2,164,7,0,0),(138,5,51,2,165,8,0,0),(139,5,51,2,165,6,0.01,0.01),(140,5,51,2,165,7,0,0),(141,5,51,2,166,8,0,0),(142,5,51,2,166,6,0.01,0),(143,5,51,2,166,7,0,0),(144,5,51,2,167,8,0,0),(145,5,51,2,167,6,0.01,0),(146,5,51,2,167,7,0,0),(147,5,51,2,168,8,0,265.5),(148,5,51,2,168,6,0.01,0),(149,5,51,2,168,7,0,2),(150,5,52,2,157,8,86.8,86.8),(151,5,52,2,157,6,0.29,0.29),(152,5,52,2,157,7,5,5),(153,5,52,2,158,8,86.8,104.2),(154,5,52,2,158,6,0.29,0.18),(155,5,52,2,158,7,5,6),(156,5,52,2,159,8,86.8,173.7),(157,5,52,2,159,6,0.29,0.27),(158,5,52,2,159,7,5,10),(159,5,52,2,160,8,86.8,173.7),(160,5,52,2,160,6,0.29,0.04),(161,5,52,2,160,7,5,10),(162,5,52,2,161,8,86.8,260.5),(163,5,52,2,161,6,0.29,0.21),(164,5,52,2,161,7,5,15),(165,5,52,2,162,8,86.8,104.2),(166,5,52,2,162,6,0.29,0.16),(167,5,52,2,162,7,5,6),(168,5,52,2,163,8,86.8,191),(169,5,52,2,163,6,0.29,0.12),(170,5,52,2,163,7,5,11),(171,5,52,2,164,8,86.8,382.1),(172,5,52,2,164,6,0.29,0.06),(173,5,52,2,164,7,5,22),(174,5,52,2,165,8,86.8,156.3),(175,5,52,2,165,6,0.29,0.04),(176,5,52,2,165,7,5,9),(177,5,52,2,166,8,86.8,295.2),(178,5,52,2,166,6,0.29,0.1),(179,5,52,2,166,7,5,17),(180,5,52,2,167,8,86.8,69.5),(181,5,52,2,167,6,0.29,0.08),(182,5,52,2,167,7,5,4),(183,5,52,2,168,8,86.8,382.1),(184,5,52,2,168,6,0.29,0.11),(185,5,52,2,168,7,5,22),(186,5,53,2,157,8,436.7,436.7),(187,5,53,2,157,6,0.5,0.5),(188,5,53,2,157,7,20,20),(189,5,53,2,158,8,436.7,283.9),(190,5,53,2,158,6,0.5,0.13),(191,5,53,2,158,7,20,13),(192,5,53,2,159,8,436.7,218.4),(193,5,53,2,159,6,0.5,0.34),(194,5,53,2,159,7,20,10),(195,5,53,2,160,8,436.7,218.4),(196,5,53,2,160,6,0.5,0.67),(197,5,53,2,160,7,20,10),(198,5,53,2,161,8,436.7,262),(199,5,53,2,161,6,0.5,0.09),(200,5,53,2,161,7,20,12),(201,5,53,2,162,8,436.7,87.3),(202,5,53,2,162,6,0.5,0.54),(203,5,53,2,162,7,20,4),(204,5,53,2,163,8,436.7,218.4),(205,5,53,2,163,6,0.5,0.29),(206,5,53,2,163,7,20,10),(207,5,53,2,164,8,436.7,262),(208,5,53,2,164,6,0.5,0.11),(209,5,53,2,164,7,20,12),(210,5,53,2,165,8,436.7,262),(211,5,53,2,165,6,0.5,0.12),(212,5,53,2,165,7,20,12),(213,5,53,2,166,8,436.7,87.3),(214,5,53,2,166,6,0.5,0.26),(215,5,53,2,166,7,20,4),(216,5,53,2,167,8,436.7,131),(217,5,53,2,167,6,0.5,0.46),(218,5,53,2,167,7,20,6),(219,5,53,2,168,8,436.7,327.5),(220,5,53,2,168,6,0.5,0.19),(221,5,53,2,168,7,20,15),(222,5,54,2,157,8,0,0),(223,5,54,2,157,6,0.42,0.42),(224,5,54,2,157,7,0,0),(225,5,54,2,158,8,0,0),(226,5,54,2,158,6,0.42,0.41),(227,5,54,2,158,7,0,0),(228,5,54,2,159,8,0,0),(229,5,54,2,159,6,0.42,0.97),(230,5,54,2,159,7,0,0),(231,5,54,2,160,8,0,0),(232,5,54,2,160,6,0.42,0.71),(233,5,54,2,160,7,0,0),(234,5,54,2,161,8,0,543.3),(235,5,54,2,161,6,0.42,0.44),(236,5,54,2,161,7,0,49),(237,5,54,2,162,8,0,221.8),(238,5,54,2,162,6,0.42,0.44),(239,5,54,2,162,7,0,20),(240,5,54,2,163,8,0,388.1),(241,5,54,2,163,6,0.42,0.21),(242,5,54,2,163,7,0,35),(243,5,54,2,164,8,0,565.5),(244,5,54,2,164,6,0.42,0.51),(245,5,54,2,164,7,0,51),(246,5,54,2,165,8,0,133.1),(247,5,54,2,165,6,0.42,0.17),(248,5,54,2,165,7,0,12),(249,5,54,2,166,8,0,77.6),(250,5,54,2,166,6,0.42,0.18),(251,5,54,2,166,7,0,7),(252,5,54,2,167,8,0,88.7),(253,5,54,2,167,6,0.42,0.12),(254,5,54,2,167,7,0,8),(255,5,54,2,168,8,0,122),(256,5,54,2,168,6,0.42,0.48),(257,5,54,2,168,7,0,11),(258,5,55,2,157,8,165.4,165.4),(259,5,55,2,157,6,0.19,0.19),(260,5,55,2,157,7,10,10),(261,5,55,2,158,8,165.4,181.9),(262,5,55,2,158,6,0.19,0.35),(263,5,55,2,158,7,10,11),(264,5,55,2,159,8,165.4,165.4),(265,5,55,2,159,6,0.19,0.29),(266,5,55,2,159,7,10,10),(267,5,55,2,160,8,165.4,165.4),(268,5,55,2,160,6,0.19,0.42),(269,5,55,2,160,7,10,10),(270,5,55,2,161,8,165.4,248.1),(271,5,55,2,161,6,0.19,0.24),(272,5,55,2,161,7,10,15),(273,5,55,2,162,8,165.4,82.7),(274,5,55,2,162,6,0.19,0.35),(275,5,55,2,162,7,10,5),(276,5,55,2,163,8,165.4,66.2),(277,5,55,2,163,6,0.19,0.27),(278,5,55,2,163,7,10,4),(279,5,55,2,164,8,165.4,281.2),(280,5,55,2,164,6,0.19,0.86),(281,5,55,2,164,7,10,17),(282,5,55,2,165,8,165.4,215),(283,5,55,2,165,6,0.19,0.45),(284,5,55,2,165,7,10,13),(285,5,55,2,166,8,165.4,297.7),(286,5,55,2,166,6,0.19,0.47),(287,5,55,2,166,7,10,18),(288,5,55,2,167,8,165.4,82.7),(289,5,55,2,167,6,0.19,0.37),(290,5,55,2,167,7,10,5),(291,5,55,2,168,8,165.4,248.1),(292,5,55,2,168,6,0.19,0.42),(293,5,55,2,168,7,10,15),(294,5,56,2,157,8,37.1,37.1),(295,5,56,2,157,6,1.13,1.13),(296,5,56,2,157,7,1,1),(297,5,56,2,158,8,37.1,37.1),(298,5,56,2,158,6,1.13,1.03),(299,5,56,2,158,7,1,1),(300,5,56,2,159,8,37.1,74.1),(301,5,56,2,159,6,1.13,0.74),(302,5,56,2,159,7,1,2),(303,5,56,2,160,8,37.1,37.1),(304,5,56,2,160,6,1.13,1.85),(305,5,56,2,160,7,1,1),(306,5,56,2,161,8,37.1,0),(307,5,56,2,161,6,1.13,1.18),(308,5,56,2,161,7,1,0),(309,5,56,2,162,8,37.1,37.1),(310,5,56,2,162,6,1.13,0.6),(311,5,56,2,162,7,1,1),(312,5,56,2,163,8,37.1,0),(313,5,56,2,163,6,1.13,0.3),(314,5,56,2,163,7,1,0),(315,5,56,2,164,8,37.1,148.3),(316,5,56,2,164,6,1.13,0.61),(317,5,56,2,164,7,1,4),(318,5,56,2,165,8,37.1,333.6),(319,5,56,2,165,6,1.13,2.29),(320,5,56,2,165,7,1,9),(321,5,56,2,166,8,37.1,259.5),(322,5,56,2,166,6,1.13,0.51),(323,5,56,2,166,7,1,7),(324,5,56,2,167,8,37.1,185.4),(325,5,56,2,167,6,1.13,0.39),(326,5,56,2,167,7,1,5),(327,5,56,2,168,8,37.1,296.6),(328,5,56,2,168,6,1.13,1.2),(329,5,56,2,168,7,1,8),(330,5,57,2,157,8,64.1,64.1),(331,5,57,2,157,6,0.59,0.59),(332,5,57,2,157,7,9,9),(333,5,57,2,158,8,64.1,57),(334,5,57,2,158,6,0.59,0.77),(335,5,57,2,158,7,9,8),(336,5,57,2,159,8,64.1,42.7),(337,5,57,2,159,6,0.59,1.46),(338,5,57,2,159,7,9,6),(339,5,57,2,160,8,64.1,42.7),(340,5,57,2,160,6,0.59,0.72),(341,5,57,2,160,7,9,6),(342,5,57,2,161,8,64.1,99.7),(343,5,57,2,161,6,0.59,0.45),(344,5,57,2,161,7,9,14),(345,5,57,2,162,8,64.1,263.6),(346,5,57,2,162,6,0.59,1.26),(347,5,57,2,162,7,9,37),(348,5,57,2,163,8,64.1,92.6),(349,5,57,2,163,6,0.59,0.81),(350,5,57,2,163,7,9,13),(351,5,57,2,164,8,64.1,235.1),(352,5,57,2,164,6,0.59,2.6),(353,5,57,2,164,7,9,33),(354,5,57,2,165,8,64.1,178.1),(355,5,57,2,165,6,0.59,0.71),(356,5,57,2,165,7,9,25),(357,5,57,2,166,8,64.1,149.6),(358,5,57,2,166,6,0.59,1.03),(359,5,57,2,166,7,9,21),(360,5,57,2,167,8,64.1,35.6),(361,5,57,2,167,6,0.59,1.23),(362,5,57,2,167,7,9,5),(363,5,57,2,168,8,64.1,192.3),(364,5,57,2,168,6,0.59,0.69),(365,5,57,2,168,7,9,27),(366,5,58,2,157,8,44.3,44.3),(367,5,58,2,157,6,0.44,0.44),(368,5,58,2,157,7,1,1),(369,5,58,2,158,8,44.3,44.3),(370,5,58,2,158,6,0.44,0.45),(371,5,58,2,158,7,1,1),(372,5,58,2,159,8,44.3,44.3),(373,5,58,2,159,6,0.44,0.46),(374,5,58,2,159,7,1,1),(375,5,58,2,160,8,44.3,44.3),(376,5,58,2,160,6,0.44,0.37),(377,5,58,2,160,7,1,1),(378,5,58,2,161,8,44.3,44.3),(379,5,58,2,161,6,0.44,0.36),(380,5,58,2,161,7,1,1),(381,5,58,2,162,8,44.3,88.6),(382,5,58,2,162,6,0.44,0.88),(383,5,58,2,162,7,1,2),(384,5,58,2,163,8,44.3,44.3),(385,5,58,2,163,6,0.44,1.12),(386,5,58,2,163,7,1,1),(387,5,58,2,164,8,44.3,265.8),(388,5,58,2,164,6,0.44,0.48),(389,5,58,2,164,7,1,6),(390,5,58,2,165,8,44.3,221.5),(391,5,58,2,165,6,0.44,0.46),(392,5,58,2,165,7,1,5),(393,5,58,2,166,8,44.3,487.3),(394,5,58,2,166,6,0.44,0.19),(395,5,58,2,166,7,1,11),(396,5,58,2,167,8,44.3,487.3),(397,5,58,2,167,6,0.44,0.32),(398,5,58,2,167,7,1,11),(399,5,58,2,168,8,44.3,708.8),(400,5,58,2,168,6,0.44,0.53),(401,5,58,2,168,7,1,16),(402,5,59,2,157,8,66.6,66.6),(403,5,59,2,157,6,1.44,1.44),(404,5,59,2,157,7,5,5),(405,5,59,2,158,8,66.6,159.8),(406,5,59,2,158,6,1.44,0.62),(407,5,59,2,158,7,5,12),(408,5,59,2,159,8,66.6,106.6),(409,5,59,2,159,6,1.44,1.42),(410,5,59,2,159,7,5,8),(411,5,59,2,160,8,66.6,66.6),(412,5,59,2,160,6,1.44,1.99),(413,5,59,2,160,7,5,5),(414,5,59,2,161,8,66.6,93.2),(415,5,59,2,161,6,1.44,0.94),(416,5,59,2,161,7,5,7),(417,5,59,2,162,8,66.6,119.9),(418,5,59,2,162,6,1.44,1.12),(419,5,59,2,162,7,5,9),(420,5,59,2,163,8,66.6,106.6),(421,5,59,2,163,6,1.44,1.1),(422,5,59,2,163,7,5,8),(423,5,59,2,164,8,66.6,199.8),(424,5,59,2,164,6,1.44,0.9),(425,5,59,2,164,7,5,15),(426,5,59,2,165,8,66.6,213.1),(427,5,59,2,165,6,1.44,2.51),(428,5,59,2,165,7,5,16),(429,5,59,2,166,8,66.6,266.4),(430,5,59,2,166,6,1.44,1.31),(431,5,59,2,166,7,5,20),(432,5,59,2,167,8,66.6,213.1),(433,5,59,2,167,6,1.44,1.15),(434,5,59,2,167,7,5,16),(435,5,59,2,168,8,66.6,692.7),(436,5,59,2,168,6,1.44,1.19),(437,5,59,2,168,7,5,52),(438,5,60,2,157,8,0,0),(439,5,60,2,157,6,4.18,4.18),(440,5,60,2,157,7,0,0),(441,5,60,2,158,8,0,0),(442,5,60,2,158,6,4.18,2.82),(443,5,60,2,158,7,0,0),(444,5,60,2,159,8,0,61.3),(445,5,60,2,159,6,4.18,0.99),(446,5,60,2,159,7,0,1),(447,5,60,2,160,8,0,61.3),(448,5,60,2,160,6,4.18,1.08),(449,5,60,2,160,7,0,1),(450,5,60,2,161,8,0,245.4),(451,5,60,2,161,6,4.18,1.32),(452,5,60,2,161,7,0,4),(453,5,60,2,162,8,0,306.7),(454,5,60,2,162,6,4.18,1.43),(455,5,60,2,162,7,0,5),(456,5,60,2,163,8,0,61.3),(457,5,60,2,163,6,4.18,0.68),(458,5,60,2,163,7,0,1),(459,5,60,2,164,8,0,306.7),(460,5,60,2,164,6,4.18,1.6),(461,5,60,2,164,7,0,5),(462,5,60,2,165,8,0,184),(463,5,60,2,165,6,4.18,1.22),(464,5,60,2,165,7,0,3),(465,5,60,2,166,8,0,61.3),(466,5,60,2,166,6,4.18,1.98),(467,5,60,2,166,7,0,1),(468,5,60,2,167,8,0,122.7),(469,5,60,2,167,6,4.18,2.74),(470,5,60,2,167,7,0,2),(471,5,60,2,168,8,0,429.4),(472,5,60,2,168,6,4.18,2.67),(473,5,60,2,168,7,0,7),(474,5,61,2,157,8,11.6,11.6),(475,5,61,2,157,6,1.78,1.78),(476,5,61,2,157,7,2,2),(477,5,61,2,158,8,11.6,11.6),(478,5,61,2,158,6,1.78,2.78),(479,5,61,2,158,7,2,2),(480,5,61,2,159,8,11.6,5.8),(481,5,61,2,159,6,1.78,1.21),(482,5,61,2,159,7,2,1),(483,5,61,2,160,8,11.6,11.6),(484,5,61,2,160,6,1.78,2.42),(485,5,61,2,160,7,2,2),(486,5,61,2,161,8,11.6,243.8),(487,5,61,2,161,6,1.78,1.1),(488,5,61,2,161,7,2,42),(489,5,61,2,162,8,11.6,145.1),(490,5,61,2,162,6,1.78,2.24),(491,5,61,2,162,7,2,25),(492,5,61,2,163,8,11.6,69.7),(493,5,61,2,163,6,1.78,3.34),(494,5,61,2,163,7,2,12),(495,5,61,2,164,8,11.6,290.2),(496,5,61,2,164,6,1.78,1.66),(497,5,61,2,164,7,2,50),(498,5,61,2,165,8,11.6,11.6),(499,5,61,2,165,6,1.78,1.71),(500,5,61,2,165,7,2,2),(501,5,61,2,166,8,11.6,5.8),(502,5,61,2,166,6,1.78,1.55),(503,5,61,2,166,7,2,1),(504,5,61,2,167,8,11.6,5.8),(505,5,61,2,167,6,1.78,1.71),(506,5,61,2,167,7,2,1),(507,5,61,2,168,8,11.6,29),(508,5,61,2,168,6,1.78,0.74),(509,5,61,2,168,7,2,5),(510,5,62,2,157,8,167.4,167.4),(511,5,62,2,157,6,1.08,1.08),(512,5,62,2,157,7,18,18),(513,5,62,2,158,8,167.4,186),(514,5,62,2,158,6,1.08,1.37),(515,5,62,2,158,7,18,20),(516,5,62,2,159,8,167.4,186),(517,5,62,2,159,6,1.08,3.21),(518,5,62,2,159,7,18,20),(519,5,62,2,160,8,167.4,186),(520,5,62,2,160,6,1.08,2.68),(521,5,62,2,160,7,18,20),(522,5,62,2,161,8,167.4,213.9),(523,5,62,2,161,6,1.08,2.09),(524,5,62,2,161,7,18,23),(525,5,62,2,162,8,167.4,260.4),(526,5,62,2,162,6,1.08,2.68),(527,5,62,2,162,7,18,28),(528,5,62,2,163,8,167.4,297.6),(529,5,62,2,163,6,1.08,1.41),(530,5,62,2,163,7,18,32),(531,5,62,2,164,8,167.4,381.3),(532,5,62,2,164,6,1.08,1.71),(533,5,62,2,164,7,18,41),(534,5,62,2,165,8,167.4,390.6),(535,5,62,2,165,6,1.08,2.28),(536,5,62,2,165,7,18,42),(537,5,62,2,166,8,167.4,585.8),(538,5,62,2,166,6,1.08,2.2),(539,5,62,2,166,7,18,63),(540,5,62,2,167,8,167.4,437),(541,5,62,2,167,6,1.08,1.93),(542,5,62,2,167,7,18,47),(543,5,62,2,168,8,167.4,902),(544,5,62,2,168,6,1.08,9.06),(545,5,62,2,168,7,18,97),(546,5,63,2,157,8,222.2,222.2),(547,5,63,2,157,6,1.04,1.04),(548,5,63,2,157,7,22,22),(549,5,63,2,158,8,222.2,252.5),(550,5,63,2,158,6,1.04,0.99),(551,5,63,2,158,7,22,25),(552,5,63,2,159,8,222.2,252.5),(553,5,63,2,159,6,1.04,2.79),(554,5,63,2,159,7,22,25),(555,5,63,2,160,8,222.2,504.9),(556,5,63,2,160,6,1.04,2.25),(557,5,63,2,160,7,22,50),(558,5,63,2,161,8,222.2,0),(559,5,63,2,161,6,1.04,1.01),(560,5,63,2,161,7,22,0),(561,5,63,2,162,8,222.2,0),(562,5,63,2,162,6,1.04,1.95),(563,5,63,2,162,7,22,0),(564,5,63,2,163,8,222.2,0),(565,5,63,2,163,6,1.04,0.82),(566,5,63,2,163,7,22,0),(567,5,63,2,164,8,222.2,0),(568,5,63,2,164,6,1.04,2.07),(569,5,63,2,164,7,22,0),(570,5,63,2,165,8,222.2,151.5),(571,5,63,2,165,6,1.04,0.9),(572,5,63,2,165,7,22,15),(573,5,63,2,166,8,222.2,232.3),(574,5,63,2,166,6,1.04,1.79),(575,5,63,2,166,7,22,23),(576,5,63,2,167,8,222.2,303),(577,5,63,2,167,6,1.04,1.45),(578,5,63,2,167,7,22,30),(579,5,63,2,168,8,222.2,504.9),(580,5,63,2,168,6,1.04,1.47),(581,5,63,2,168,7,22,50),(582,5,64,2,157,8,60,60),(583,5,64,2,157,6,1.09,1.09),(584,5,64,2,157,7,2,2),(585,5,64,2,158,8,60,60),(586,5,64,2,158,6,1.09,2.05),(587,5,64,2,158,7,2,2),(588,5,64,2,159,8,60,150),(589,5,64,2,159,6,1.09,2.18),(590,5,64,2,159,7,2,5),(591,5,64,2,160,8,60,150),(592,5,64,2,160,6,1.09,1.08),(593,5,64,2,160,7,2,5),(594,5,64,2,161,8,60,60),(595,5,64,2,161,6,1.09,0.78),(596,5,64,2,161,7,2,2),(597,5,64,2,162,8,60,209.9),(598,5,64,2,162,6,1.09,2.43),(599,5,64,2,162,7,2,7),(600,5,64,2,163,8,60,120),(601,5,64,2,163,6,1.09,1.34),(602,5,64,2,163,7,2,4),(603,5,64,2,164,8,60,180),(604,5,64,2,164,6,1.09,3.11),(605,5,64,2,164,7,2,6),(606,5,64,2,165,8,60,120),(607,5,64,2,165,6,1.09,2.31),(608,5,64,2,165,7,2,4),(609,5,64,2,166,8,60,359.9),(610,5,64,2,166,6,1.09,0.96),(611,5,64,2,166,7,2,12),(612,5,64,2,167,8,60,180),(613,5,64,2,167,6,1.09,0.84),(614,5,64,2,167,7,2,6),(615,5,64,2,168,8,60,419.9),(616,5,64,2,168,6,1.09,1.14),(617,5,64,2,168,7,2,14),(618,5,65,2,157,8,187.5,187.5),(619,5,65,2,157,6,1.58,1.58),(620,5,65,2,157,7,9,9),(621,5,65,2,158,8,187.5,104.2),(622,5,65,2,158,6,1.58,2.99),(623,5,65,2,158,7,9,5),(624,5,65,2,159,8,187.5,104.2),(625,5,65,2,159,6,1.58,2.51),(626,5,65,2,159,7,9,5),(627,5,65,2,160,8,187.5,208.3),(628,5,65,2,160,6,1.58,1.1),(629,5,65,2,160,7,9,10),(630,5,65,2,161,8,187.5,229.2),(631,5,65,2,161,6,1.58,2.25),(632,5,65,2,161,7,9,11),(633,5,65,2,162,8,187.5,270.8),(634,5,65,2,162,6,1.58,0.61),(635,5,65,2,162,7,9,13),(636,5,65,2,163,8,187.5,145.8),(637,5,65,2,163,6,1.58,5.31),(638,5,65,2,163,7,9,7),(639,5,65,2,164,8,187.5,291.7),(640,5,65,2,164,6,1.58,2.52),(641,5,65,2,164,7,9,14),(642,5,65,2,165,8,187.5,104.2),(643,5,65,2,165,6,1.58,3.7),(644,5,65,2,165,7,9,5),(645,5,65,2,166,8,187.5,270.8),(646,5,65,2,166,6,1.58,1.77),(647,5,65,2,166,7,9,13),(648,5,65,2,167,8,187.5,104.2),(649,5,65,2,167,6,1.58,2.56),(650,5,65,2,167,7,9,5),(651,5,65,2,168,8,187.5,208.3),(652,5,65,2,168,6,1.58,0.04),(653,5,65,2,168,7,9,10),(654,5,66,2,157,8,0,0),(655,5,66,2,157,6,7.82,7.82),(656,5,66,2,157,7,0,0),(657,5,66,2,158,8,0,0),(658,5,66,2,158,6,7.82,0.89),(659,5,66,2,158,7,0,0),(660,5,66,2,159,8,0,0),(661,5,66,2,159,6,7.82,1.27),(662,5,66,2,159,7,0,0),(663,5,66,2,160,8,0,0),(664,5,66,2,160,6,7.82,5.72),(665,5,66,2,160,7,0,0),(666,5,66,2,161,8,0,123.5),(667,5,66,2,161,6,7.82,1.88),(668,5,66,2,161,7,0,1),(669,5,66,2,162,8,0,123.5),(670,5,66,2,162,6,7.82,1.97),(671,5,66,2,162,7,0,1),(672,5,66,2,163,8,0,0),(673,5,66,2,163,6,7.82,1.29),(674,5,66,2,163,7,0,0),(675,5,66,2,164,8,0,494),(676,5,66,2,164,6,7.82,4.14),(677,5,66,2,164,7,0,4),(678,5,66,2,165,8,0,617.5),(679,5,66,2,165,6,7.82,1.8),(680,5,66,2,165,7,0,5),(681,5,66,2,166,8,0,370.5),(682,5,66,2,166,6,7.82,1.71),(683,5,66,2,166,7,0,3),(684,5,66,2,167,8,0,247),(685,5,66,2,167,6,7.82,0.96),(686,5,66,2,167,7,0,2),(687,5,66,2,168,8,0,617.5),(688,5,66,2,168,6,7.82,2.66),(689,5,66,2,168,7,0,5),(690,5,67,2,157,8,42.5,42.5),(691,5,67,2,157,6,2.69,2.69),(692,5,67,2,157,7,4,4),(693,5,67,2,158,8,42.5,53.2),(694,5,67,2,158,6,2.69,2.03),(695,5,67,2,158,7,4,5),(696,5,67,2,159,8,42.5,21.3),(697,5,67,2,159,6,2.69,0.73),(698,5,67,2,159,7,4,2),(699,5,67,2,160,8,42.5,31.9),(700,5,67,2,160,6,2.69,1.82),(701,5,67,2,160,7,4,3),(702,5,67,2,161,8,42.5,148.9),(703,5,67,2,161,6,2.69,1.42),(704,5,67,2,161,7,4,14),(705,5,67,2,162,8,42.5,106.3),(706,5,67,2,162,6,2.69,2.84),(707,5,67,2,162,7,4,10),(708,5,67,2,163,8,42.5,53.2),(709,5,67,2,163,6,2.69,0.56),(710,5,67,2,163,7,4,5),(711,5,67,2,164,8,42.5,117),(712,5,67,2,164,6,2.69,1.96),(713,5,67,2,164,7,4,11),(714,5,67,2,165,8,42.5,276.4),(715,5,67,2,165,6,2.69,2.14),(716,5,67,2,165,7,4,26),(717,5,67,2,166,8,42.5,191.4),(718,5,67,2,166,6,2.69,1.9),(719,5,67,2,166,7,4,18),(720,5,67,2,167,8,42.5,148.9),(721,5,67,2,167,6,2.69,6.23),(722,5,67,2,167,7,4,14),(723,5,67,2,168,8,42.5,170.1),(724,5,67,2,168,6,2.69,0),(725,5,67,2,168,7,4,16),(726,5,68,2,157,8,0,0),(727,5,68,2,157,6,0.69,0.69),(728,5,68,2,157,7,0,0),(729,5,68,2,158,8,0,0),(730,5,68,2,158,6,0.69,3.22),(731,5,68,2,158,7,0,0),(732,5,68,2,159,8,0,0),(733,5,68,2,159,6,0.69,0.74),(734,5,68,2,159,7,0,0),(735,5,68,2,160,8,0,0),(736,5,68,2,160,6,0.69,4.03),(737,5,68,2,160,7,0,0),(738,5,68,2,161,8,0,119.1),(739,5,68,2,161,6,0.69,2.14),(740,5,68,2,161,7,0,3),(741,5,68,2,162,8,0,119.1),(742,5,68,2,162,6,0.69,1.07),(743,5,68,2,162,7,0,3),(744,5,68,2,163,8,0,79.4),(745,5,68,2,163,6,0.69,0.66),(746,5,68,2,163,7,0,2),(747,5,68,2,164,8,0,119.1),(748,5,68,2,164,6,0.69,0.97),(749,5,68,2,164,7,0,3),(750,5,68,2,165,8,0,79.4),(751,5,68,2,165,6,0.69,3.03),(752,5,68,2,165,7,0,2),(753,5,68,2,166,8,0,79.4),(754,5,68,2,166,6,0.69,1.63),(755,5,68,2,166,7,0,2),(756,5,68,2,167,8,0,119.1),(757,5,68,2,167,6,0.69,2.96),(758,5,68,2,167,7,0,3),(759,5,68,2,168,8,0,158.9),(760,5,68,2,168,6,0.69,0.92),(761,5,68,2,168,7,0,4),(762,5,69,2,157,8,7.9,7.9),(763,5,69,2,157,6,2.44,2.44),(764,5,69,2,157,7,1,1),(765,5,69,2,158,8,7.9,15.8),(766,5,69,2,158,6,2.44,1.93),(767,5,69,2,158,7,1,2),(768,5,69,2,159,8,7.9,23.8),(769,5,69,2,159,6,2.44,0.82),(770,5,69,2,159,7,1,3),(771,5,69,2,160,8,7.9,15.8),(772,5,69,2,160,6,2.44,2.15),(773,5,69,2,160,7,1,2),(774,5,69,2,161,8,7.9,126.8),(775,5,69,2,161,6,2.44,3.88),(776,5,69,2,161,7,1,16),(777,5,69,2,162,8,7.9,166.4),(778,5,69,2,162,6,2.44,0.67),(779,5,69,2,162,7,1,21),(780,5,69,2,163,8,7.9,150.6),(781,5,69,2,163,6,2.44,5.65),(782,5,69,2,163,7,1,19),(783,5,69,2,164,8,7.9,301.1),(784,5,69,2,164,6,2.44,2.49),(785,5,69,2,164,7,1,38),(786,5,69,2,165,8,7.9,174.3),(787,5,69,2,165,6,2.44,2.34),(788,5,69,2,165,7,1,22),(789,5,69,2,166,8,7.9,174.3),(790,5,69,2,166,6,2.44,1.51),(791,5,69,2,166,7,1,22),(792,5,69,2,167,8,7.9,87.2),(793,5,69,2,167,6,2.44,3.88),(794,5,69,2,167,7,1,11),(795,5,69,2,168,8,7.9,293.2),(796,5,69,2,168,6,2.44,2.55),(797,5,69,2,168,7,1,37),(798,5,70,2,157,8,174.1,174.1),(799,5,70,2,157,6,1.08,1.08),(800,5,70,2,157,7,11,11),(801,5,70,2,158,8,174.1,158.3),(802,5,70,2,158,6,1.08,1.16),(803,5,70,2,158,7,11,10),(804,5,70,2,159,8,174.1,237.4),(805,5,70,2,159,6,1.08,0.74),(806,5,70,2,159,7,11,15),(807,5,70,2,160,8,174.1,237.4),(808,5,70,2,160,6,1.08,0.73),(809,5,70,2,160,7,11,15),(810,5,70,2,161,8,174.1,269.1),(811,5,70,2,161,6,1.08,0.41),(812,5,70,2,161,7,11,17),(813,5,70,2,162,8,174.1,284.9),(814,5,70,2,162,6,1.08,0.68),(815,5,70,2,162,7,11,18),(816,5,70,2,163,8,174.1,79.1),(817,5,70,2,163,6,1.08,1.7),(818,5,70,2,163,7,11,5),(819,5,70,2,164,8,174.1,332.4),(820,5,70,2,164,6,1.08,1.63),(821,5,70,2,164,7,11,21),(822,5,70,2,165,8,174.1,158.3),(823,5,70,2,165,6,1.08,0.54),(824,5,70,2,165,7,11,10),(825,5,70,2,166,8,174.1,63.3),(826,5,70,2,166,6,1.08,0.59),(827,5,70,2,166,7,11,4),(828,5,70,2,167,8,174.1,63.3),(829,5,70,2,167,6,1.08,0.94),(830,5,70,2,167,7,11,4),(831,5,70,2,168,8,174.1,253.2),(832,5,70,2,168,6,1.08,0.96),(833,5,70,2,168,7,11,16),(834,5,71,2,157,8,0,0),(835,5,71,2,157,6,0.38,0.38),(836,5,71,2,157,7,0,0),(837,5,71,2,158,8,0,0),(838,5,71,2,158,6,0.38,0.49),(839,5,71,2,158,7,0,0),(840,5,71,2,159,8,0,0),(841,5,71,2,159,6,0.38,1.34),(842,5,71,2,159,7,0,0),(843,5,71,2,160,8,0,0),(844,5,71,2,160,6,0.38,0.33),(845,5,71,2,160,7,0,0),(846,5,71,2,161,8,0,0),(847,5,71,2,161,6,0.38,0.98),(848,5,71,2,161,7,0,0),(849,5,71,2,162,8,0,0),(850,5,71,2,162,6,0.38,0.96),(851,5,71,2,162,7,0,0),(852,5,71,2,163,8,0,0),(853,5,71,2,163,6,0.38,0.42),(854,5,71,2,163,7,0,0),(855,5,71,2,164,8,0,0),(856,5,71,2,164,6,0.38,0.29),(857,5,71,2,164,7,0,0),(858,5,71,2,165,8,0,0),(859,5,71,2,165,6,0.38,0.5),(860,5,71,2,165,7,0,0),(861,5,71,2,166,8,0,0),(862,5,71,2,166,6,0.38,0.64),(863,5,71,2,166,7,0,0),(864,5,71,2,167,8,0,0),(865,5,71,2,167,6,0.38,0.34),(866,5,71,2,167,7,0,0),(867,5,71,2,168,8,0,0),(868,5,71,2,168,6,0.38,0.73),(869,5,71,2,168,7,0,0),(870,5,72,2,157,8,119.8,119.8),(871,5,72,2,157,6,0.66,0.66),(872,5,72,2,157,7,12,12),(873,5,72,2,158,8,119.8,149.7),(874,5,72,2,158,6,0.66,1.45),(875,5,72,2,158,7,12,15),(876,5,72,2,159,8,119.8,149.7),(877,5,72,2,159,6,0.66,0.95),(878,5,72,2,159,7,12,15),(879,5,72,2,160,8,119.8,299.4),(880,5,72,2,160,6,0.66,0.74),(881,5,72,2,160,7,12,30),(882,5,72,2,161,8,119.8,209.6),(883,5,72,2,161,6,0.66,0.39),(884,5,72,2,161,7,12,21),(885,5,72,2,162,8,119.8,289.5),(886,5,72,2,162,6,0.66,0.34),(887,5,72,2,162,7,12,29),(888,5,72,2,163,8,119.8,229.6),(889,5,72,2,163,6,0.66,0.34),(890,5,72,2,163,7,12,23),(891,5,72,2,164,8,119.8,329.4),(892,5,72,2,164,6,0.66,0.63),(893,5,72,2,164,7,12,33),(894,5,72,2,165,8,119.8,299.4),(895,5,72,2,165,6,0.66,0.18),(896,5,72,2,165,7,12,30),(897,5,72,2,166,8,119.8,439.2),(898,5,72,2,166,6,0.66,0.26),(899,5,72,2,166,7,12,44),(900,5,72,2,167,8,119.8,339.4),(901,5,72,2,167,6,0.66,0.35),(902,5,72,2,167,7,12,34),(903,5,72,2,168,8,119.8,828.4),(904,5,72,2,168,6,0.66,0.66),(905,5,72,2,168,7,12,83),(906,5,73,2,157,8,173.5,173.5),(907,5,73,2,157,6,0.2,0.2),(908,5,73,2,157,7,6,6),(909,5,73,2,158,8,173.5,144.6),(910,5,73,2,158,6,0.2,0.2),(911,5,73,2,158,7,6,5),(912,5,73,2,159,8,173.5,144.6),(913,5,73,2,159,6,0.2,0.14),(914,5,73,2,159,7,6,5),(915,5,73,2,160,8,173.5,289.1),(916,5,73,2,160,6,0.2,0.07),(917,5,73,2,160,7,6,10),(918,5,73,2,161,8,173.5,404.8),(919,5,73,2,161,6,0.2,0.14),(920,5,73,2,161,7,6,14),(921,5,73,2,162,8,173.5,260.2),(922,5,73,2,162,6,0.2,0.17),(923,5,73,2,162,7,6,9),(924,5,73,2,163,8,173.5,144.6),(925,5,73,2,163,6,0.2,0.15),(926,5,73,2,163,7,6,5),(927,5,73,2,164,8,173.5,462.6),(928,5,73,2,164,6,0.2,0.25),(929,5,73,2,164,7,6,16),(930,5,73,2,165,8,173.5,260.2),(931,5,73,2,165,6,0.2,0.14),(932,5,73,2,165,7,6,9),(933,5,73,2,166,8,173.5,173.5),(934,5,73,2,166,6,0.2,0.13),(935,5,73,2,166,7,6,6),(936,5,73,2,167,8,173.5,144.6),(937,5,73,2,167,6,0.2,0.1),(938,5,73,2,167,7,6,5),(939,5,73,2,168,8,173.5,289.1),(940,5,73,2,168,6,0.2,0.06),(941,5,73,2,168,7,6,10),(942,5,74,2,157,8,130.3,130.3),(943,5,74,2,157,6,0.15,0.15),(944,5,74,2,157,7,14,14),(945,5,74,2,158,8,130.3,139.7),(946,5,74,2,158,6,0.15,0.58),(947,5,74,2,158,7,14,15),(948,5,74,2,159,8,130.3,139.7),(949,5,74,2,159,6,0.15,0.25),(950,5,74,2,159,7,14,15),(951,5,74,2,160,8,130.3,93.1),(952,5,74,2,160,6,0.15,0.07),(953,5,74,2,160,7,14,10),(954,5,74,2,161,8,130.3,37.2),(955,5,74,2,161,6,0.15,0.23),(956,5,74,2,161,7,14,4),(957,5,74,2,162,8,130.3,55.9),(958,5,74,2,162,6,0.15,0.11),(959,5,74,2,162,7,14,6),(960,5,74,2,163,8,130.3,27.9),(961,5,74,2,163,6,0.15,0.12),(962,5,74,2,163,7,14,3),(963,5,74,2,164,8,130.3,46.6),(964,5,74,2,164,6,0.15,0.15),(965,5,74,2,164,7,14,5),(966,5,74,2,165,8,130.3,149),(967,5,74,2,165,6,0.15,0.09),(968,5,74,2,165,7,14,16),(969,5,74,2,166,8,130.3,83.8),(970,5,74,2,166,6,0.15,0.09),(971,5,74,2,166,7,14,9),(972,5,74,2,167,8,130.3,74.5),(973,5,74,2,167,6,0.15,0.11),(974,5,74,2,167,7,14,8),(975,5,74,2,168,8,130.3,279.3),(976,5,74,2,168,6,0.15,0.13),(977,5,74,2,168,7,14,30),(978,5,75,2,157,8,206.6,206.6),(979,5,75,2,157,6,1.69,1.69),(980,5,75,2,157,7,10,10),(981,5,75,2,158,8,206.6,206.6),(982,5,75,2,158,6,1.69,0.55),(983,5,75,2,158,7,10,10),(984,5,75,2,159,8,206.6,206.6),(985,5,75,2,159,6,1.69,1.36),(986,5,75,2,159,7,10,10),(987,5,75,2,160,8,206.6,206.6),(988,5,75,2,160,6,1.69,1.1),(989,5,75,2,160,7,10,10),(990,5,75,2,161,8,206.6,62),(991,5,75,2,161,6,1.69,1.87),(992,5,75,2,161,7,10,3),(993,5,75,2,162,8,206.6,165.3),(994,5,75,2,162,6,1.69,2.36),(995,5,75,2,162,7,10,8),(996,5,75,2,163,8,206.6,144.6),(997,5,75,2,163,6,1.69,0.73),(998,5,75,2,163,7,10,7),(999,5,75,2,164,8,206.6,165.3),(1000,5,75,2,164,6,1.69,0.57),(1001,5,75,2,164,7,10,8),(1002,5,75,2,165,8,206.6,20.7),(1003,5,75,2,165,6,1.69,1.01),(1004,5,75,2,165,7,10,1),(1005,5,75,2,166,8,206.6,41.3),(1006,5,75,2,166,6,1.69,0.57),(1007,5,75,2,166,7,10,2),(1008,5,75,2,167,8,206.6,41.3),(1009,5,75,2,167,6,1.69,0.9),(1010,5,75,2,167,7,10,2),(1011,5,75,2,168,8,206.6,124),(1012,5,75,2,168,6,1.69,1.08),(1013,5,75,2,168,7,10,6),(1014,5,76,2,157,8,0,0),(1015,5,76,2,157,6,1.83,1.83),(1016,5,76,2,157,7,0,0),(1017,5,76,2,158,8,0,0),(1018,5,76,2,158,6,1.83,0.55),(1019,5,76,2,158,7,0,0),(1020,5,76,2,159,8,0,0),(1021,5,76,2,159,6,1.83,0.81),(1022,5,76,2,159,7,0,0),(1023,5,76,2,160,8,0,0),(1024,5,76,2,160,6,1.83,0.7),(1025,5,76,2,160,7,0,0),(1026,5,76,2,161,8,0,0),(1027,5,76,2,161,6,1.83,0.7),(1028,5,76,2,161,7,0,0),(1029,5,76,2,162,8,0,0),(1030,5,76,2,162,6,1.83,2.04),(1031,5,76,2,162,7,0,0),(1032,5,76,2,163,8,0,0),(1033,5,76,2,163,6,1.83,2.41),(1034,5,76,2,163,7,0,0),(1035,5,76,2,164,8,0,0),(1036,5,76,2,164,6,1.83,1.91),(1037,5,76,2,164,7,0,0),(1038,5,76,2,165,8,0,0),(1039,5,76,2,165,6,1.83,1.07),(1040,5,76,2,165,7,0,0),(1041,5,76,2,166,8,0,0),(1042,5,76,2,166,6,1.83,1.5),(1043,5,76,2,166,7,0,0),(1044,5,76,2,167,8,0,0),(1045,5,76,2,167,6,1.83,0.4),(1046,5,76,2,167,7,0,0),(1047,5,76,2,168,8,0,0),(1048,5,76,2,168,6,1.83,0.87),(1049,5,76,2,168,7,0,0),(1050,5,77,2,157,8,35.4,35.4),(1051,5,77,2,157,6,2.66,2.66),(1052,5,77,2,157,7,2,2),(1053,5,77,2,158,8,35.4,53.1),(1054,5,77,2,158,6,2.66,1.69),(1055,5,77,2,158,7,2,3),(1056,5,77,2,159,8,35.4,53.1),(1057,5,77,2,159,6,2.66,2.01),(1058,5,77,2,159,7,2,3),(1059,5,77,2,160,8,35.4,53.1),(1060,5,77,2,160,6,2.66,2.91),(1061,5,77,2,160,7,2,3),(1062,5,77,2,161,8,35.4,177.1),(1063,5,77,2,161,6,2.66,0.75),(1064,5,77,2,161,7,2,10),(1065,5,77,2,162,8,35.4,247.9),(1066,5,77,2,162,6,2.66,0.88),(1067,5,77,2,162,7,2,14),(1068,5,77,2,163,8,35.4,230.2),(1069,5,77,2,163,6,2.66,4.14),(1070,5,77,2,163,7,2,13),(1071,5,77,2,164,8,35.4,283.3),(1072,5,77,2,164,6,2.66,2.86),(1073,5,77,2,164,7,2,16),(1074,5,77,2,165,8,35.4,88.5),(1075,5,77,2,165,6,2.66,1.26),(1076,5,77,2,165,7,2,5),(1077,5,77,2,166,8,35.4,124),(1078,5,77,2,166,6,2.66,1.02),(1079,5,77,2,166,7,2,7),(1080,5,77,2,167,8,35.4,106.2),(1081,5,77,2,167,6,2.66,1.1),(1082,5,77,2,167,7,2,6),(1083,5,77,2,168,8,35.4,318.7),(1084,5,77,2,168,6,2.66,0.61),(1085,5,77,2,168,7,2,18),(1086,5,78,2,157,8,9.4,9.4),(1087,5,78,2,157,6,1.02,1.02),(1088,5,78,2,157,7,1,1),(1089,5,78,2,158,8,9.4,0),(1090,5,78,2,158,6,1.02,1.24),(1091,5,78,2,158,7,1,0),(1092,5,78,2,159,8,9.4,9.4),(1093,5,78,2,159,6,1.02,1.58),(1094,5,78,2,159,7,1,1),(1095,5,78,2,160,8,9.4,18.7),(1096,5,78,2,160,6,1.02,0.69),(1097,5,78,2,160,7,1,2),(1098,5,78,2,161,8,9.4,149.6),(1099,5,78,2,161,6,1.02,1.16),(1100,5,78,2,161,7,1,16),(1101,5,78,2,162,8,9.4,233.8),(1102,5,78,2,162,6,1.02,3.63),(1103,5,78,2,162,7,1,25),(1104,5,78,2,163,8,9.4,159),(1105,5,78,2,163,6,1.02,0.63),(1106,5,78,2,163,7,1,17),(1107,5,78,2,164,8,9.4,318),(1108,5,78,2,164,6,1.02,0.77),(1109,5,78,2,164,7,1,34),(1110,5,78,2,165,8,9.4,346),(1111,5,78,2,165,6,1.02,1.31),(1112,5,78,2,165,7,1,37),(1113,5,78,2,166,8,9.4,420.8),(1114,5,78,2,166,6,1.02,0.55),(1115,5,78,2,166,7,1,45),(1116,5,78,2,167,8,9.4,439.6),(1117,5,78,2,167,6,1.02,1.37),(1118,5,78,2,167,7,1,47),(1119,5,78,2,168,8,9.4,523.7),(1120,5,78,2,168,6,1.02,1.47),(1121,5,78,2,168,7,1,56),(1122,5,79,2,157,8,0,0),(1123,5,79,2,157,6,2.01,2.01),(1124,5,79,2,157,7,0,0),(1125,5,79,2,158,8,0,0),(1126,5,79,2,158,6,2.01,0.82),(1127,5,79,2,158,7,0,0),(1128,5,79,2,159,8,0,0),(1129,5,79,2,159,6,2.01,0.27),(1130,5,79,2,159,7,0,0),(1131,5,79,2,160,8,0,0),(1132,5,79,2,160,6,2.01,0.28),(1133,5,79,2,160,7,0,0),(1134,5,79,2,161,8,0,187.4),(1135,5,79,2,161,6,2.01,0.53),(1136,5,79,2,161,7,0,2),(1137,5,79,2,162,8,0,187.4),(1138,5,79,2,162,6,2.01,0.46),(1139,5,79,2,162,7,0,2),(1140,5,79,2,163,8,0,0),(1141,5,79,2,163,6,2.01,1.38),(1142,5,79,2,163,7,0,0),(1143,5,79,2,164,8,0,281.1),(1144,5,79,2,164,6,2.01,0.44),(1145,5,79,2,164,7,0,3),(1146,5,79,2,165,8,0,93.7),(1147,5,79,2,165,6,2.01,1.06),(1148,5,79,2,165,7,0,1),(1149,5,79,2,166,8,0,281.1),(1150,5,79,2,166,6,2.01,0.46),(1151,5,79,2,166,7,0,3),(1152,5,79,2,167,8,0,187.4),(1153,5,79,2,167,6,2.01,0.31),(1154,5,79,2,167,7,0,2),(1155,5,79,2,168,8,0,374.8),(1156,5,79,2,168,6,2.01,0.68),(1157,5,79,2,168,7,0,4),(1158,5,80,2,157,8,46.7,46.7),(1159,5,80,2,157,6,0.73,0.73),(1160,5,80,2,157,7,2,2),(1161,5,80,2,158,8,46.7,46.7),(1162,5,80,2,158,6,0.73,0.1),(1163,5,80,2,158,7,2,2),(1164,5,80,2,159,8,46.7,46.7),(1165,5,80,2,159,6,0.73,0.43),(1166,5,80,2,159,7,2,2),(1167,5,80,2,160,8,46.7,70.1),(1168,5,80,2,160,6,0.73,0.18),(1169,5,80,2,160,7,2,3),(1170,5,80,2,161,8,46.7,140.1),(1171,5,80,2,161,6,0.73,0.56),(1172,5,80,2,161,7,2,6),(1173,5,80,2,162,8,46.7,140.1),(1174,5,80,2,162,6,0.73,0.4),(1175,5,80,2,162,7,2,6),(1176,5,80,2,163,8,46.7,163.5),(1177,5,80,2,163,6,0.73,0.28),(1178,5,80,2,163,7,2,7),(1179,5,80,2,164,8,46.7,280.3),(1180,5,80,2,164,6,0.73,0.39),(1181,5,80,2,164,7,2,12),(1182,5,80,2,165,8,46.7,256.9),(1183,5,80,2,165,6,0.73,0.2),(1184,5,80,2,165,7,2,11),(1185,5,80,2,166,8,46.7,350.3),(1186,5,80,2,166,6,0.73,0.2),(1187,5,80,2,166,7,2,15),(1188,5,80,2,167,8,46.7,140.1),(1189,5,80,2,167,6,0.73,0.15),(1190,5,80,2,167,7,2,6),(1191,5,80,2,168,8,46.7,256.9),(1192,5,80,2,168,6,0.73,0.28),(1193,5,80,2,168,7,2,11),(1194,5,81,2,157,8,18.1,18.1),(1195,5,81,2,157,6,0.13,0.13),(1196,5,81,2,157,7,1,1),(1197,5,81,2,158,8,18.1,18.1),(1198,5,81,2,158,6,0.13,0.12),(1199,5,81,2,158,7,1,1),(1200,5,81,2,159,8,18.1,36.2),(1201,5,81,2,159,6,0.13,0.2),(1202,5,81,2,159,7,1,2),(1203,5,81,2,160,8,18.1,54.3),(1204,5,81,2,160,6,0.13,0.39),(1205,5,81,2,160,7,1,3),(1206,5,81,2,161,8,18.1,289.7),(1207,5,81,2,161,6,0.13,0.12),(1208,5,81,2,161,7,1,16),(1209,5,81,2,162,8,18.1,235.4),(1210,5,81,2,162,6,0.13,0.11),(1211,5,81,2,162,7,1,13),(1212,5,81,2,163,8,18.1,199.2),(1213,5,81,2,163,6,0.13,0.21),(1214,5,81,2,163,7,1,11),(1215,5,81,2,164,8,18.1,506.9),(1216,5,81,2,164,6,0.13,0.26),(1217,5,81,2,164,7,1,28),(1218,5,81,2,165,8,18.1,162.9),(1219,5,81,2,165,6,0.13,0.15),(1220,5,81,2,165,7,1,9),(1221,5,81,2,166,8,18.1,253.5),(1222,5,81,2,166,6,0.13,0.24),(1223,5,81,2,166,7,1,14),(1224,5,81,2,167,8,18.1,54.3),(1225,5,81,2,167,6,0.13,0.19),(1226,5,81,2,167,7,1,3),(1227,5,81,2,168,8,18.1,235.4),(1228,5,81,2,168,6,0.13,0.35),(1229,5,81,2,168,7,1,13),(1230,5,82,2,157,8,81.6,81.6),(1231,5,82,2,157,6,0.27,0.27),(1232,5,82,2,157,7,10,10),(1233,5,82,2,158,8,81.6,122.4),(1234,5,82,2,158,6,0.27,0.7),(1235,5,82,2,158,7,10,15),(1236,5,82,2,159,8,81.6,122.4),(1237,5,82,2,159,6,0.27,0.55),(1238,5,82,2,159,7,10,15),(1239,5,82,2,160,8,81.6,138.7),(1240,5,82,2,160,6,0.27,0.89),(1241,5,82,2,160,7,10,17),(1242,5,82,2,161,8,81.6,358.9),(1243,5,82,2,161,6,0.27,0.3),(1244,5,82,2,161,7,10,44),(1245,5,82,2,162,8,81.6,252.9),(1246,5,82,2,162,6,0.27,0.61),(1247,5,82,2,162,7,10,31),(1248,5,82,2,163,8,81.6,277.4),(1249,5,82,2,163,6,0.27,0.4),(1250,5,82,2,163,7,10,34),(1251,5,82,2,164,8,81.6,513.9),(1252,5,82,2,164,6,0.27,0.69),(1253,5,82,2,164,7,10,63),(1254,5,82,2,165,8,81.6,106),(1255,5,82,2,165,6,0.27,0.98),(1256,5,82,2,165,7,10,13),(1257,5,82,2,166,8,81.6,73.4),(1258,5,82,2,166,6,0.27,0.47),(1259,5,82,2,166,7,10,9),(1260,5,82,2,167,8,81.6,73.4),(1261,5,82,2,167,6,0.27,0.26),(1262,5,82,2,167,7,10,9),(1263,5,82,2,168,8,81.6,236.6),(1264,5,82,2,168,6,0.27,0.48),(1265,5,82,2,168,7,10,29),(1266,5,83,2,157,8,235.9,235.9),(1267,5,83,2,157,6,0.76,0.76),(1268,5,83,2,157,7,5,5),(1269,5,83,2,158,8,235.9,235.9),(1270,5,83,2,158,6,0.76,0.83),(1271,5,83,2,158,7,5,5),(1272,5,83,2,159,8,235.9,235.9),(1273,5,83,2,159,6,0.76,2.43),(1274,5,83,2,159,7,5,5),(1275,5,83,2,160,8,235.9,471.8),(1276,5,83,2,160,6,0.76,0.87),(1277,5,83,2,160,7,5,10),(1278,5,83,2,161,8,235.9,47.2),(1279,5,83,2,161,6,0.76,1.09),(1280,5,83,2,161,7,5,1),(1281,5,83,2,162,8,235.9,0),(1282,5,83,2,162,6,0.76,1.58),(1283,5,83,2,162,7,5,0),(1284,5,83,2,163,8,235.9,0),(1285,5,83,2,163,6,0.76,1.97),(1286,5,83,2,163,7,5,0),(1287,5,83,2,164,8,235.9,94.4),(1288,5,83,2,164,6,0.76,0.47),(1289,5,83,2,164,7,5,2),(1290,5,83,2,165,8,235.9,235.9),(1291,5,83,2,165,6,0.76,0.61),(1292,5,83,2,165,7,5,5),(1293,5,83,2,166,8,235.9,141.5),(1294,5,83,2,166,6,0.76,0.5),(1295,5,83,2,166,7,5,3),(1296,5,83,2,167,8,235.9,94.4),(1297,5,83,2,167,6,0.76,0.69),(1298,5,83,2,167,7,5,2),(1299,5,83,2,168,8,235.9,283.1),(1300,5,83,2,168,6,0.76,1.19),(1301,5,83,2,168,7,5,6),(1302,5,84,2,157,8,0,0),(1303,5,84,2,157,6,1.52,1.52),(1304,5,84,2,157,7,0,0),(1305,5,84,2,158,8,0,0),(1306,5,84,2,158,6,1.52,0.63),(1307,5,84,2,158,7,0,0),(1308,5,84,2,159,8,0,0),(1309,5,84,2,159,6,1.52,1.35),(1310,5,84,2,159,7,0,0),(1311,5,84,2,160,8,0,0),(1312,5,84,2,160,6,1.52,1.1),(1313,5,84,2,160,7,0,0),(1314,5,84,2,161,8,0,0),(1315,5,84,2,161,6,1.52,1.02),(1316,5,84,2,161,7,0,0),(1317,5,84,2,162,8,0,0),(1318,5,84,2,162,6,1.52,1.02),(1319,5,84,2,162,7,0,0),(1320,5,84,2,163,8,0,0),(1321,5,84,2,163,6,1.52,0.85),(1322,5,84,2,163,7,0,0),(1323,5,84,2,164,8,0,0),(1324,5,84,2,164,6,1.52,0.44),(1325,5,84,2,164,7,0,0),(1326,5,84,2,165,8,0,0),(1327,5,84,2,165,6,1.52,0.89),(1328,5,84,2,165,7,0,0),(1329,5,84,2,166,8,0,0),(1330,5,84,2,166,6,1.52,0.57),(1331,5,84,2,166,7,0,0),(1332,5,84,2,167,8,0,0),(1333,5,84,2,167,6,1.52,1.17),(1334,5,84,2,167,7,0,0),(1335,5,84,2,168,8,0,0),(1336,5,84,2,168,6,1.52,0.55),(1337,5,84,2,168,7,0,0),(1338,5,85,2,157,8,80.4,80.4),(1339,5,85,2,157,6,1.27,1.27),(1340,5,85,2,157,7,5,5),(1341,5,85,2,158,8,80.4,80.4),(1342,5,85,2,158,6,1.27,1.2),(1343,5,85,2,158,7,5,5),(1344,5,85,2,159,8,80.4,80.4),(1345,5,85,2,159,6,1.27,0.61),(1346,5,85,2,159,7,5,5),(1347,5,85,2,160,8,80.4,80.4),(1348,5,85,2,160,6,1.27,2.23),(1349,5,85,2,160,7,5,5),(1350,5,85,2,161,8,80.4,96.4),(1351,5,85,2,161,6,1.27,0.57),(1352,5,85,2,161,7,5,6),(1353,5,85,2,162,8,80.4,112.5),(1354,5,85,2,162,6,1.27,0.44),(1355,5,85,2,162,7,5,7),(1356,5,85,2,163,8,80.4,32.1),(1357,5,85,2,163,6,1.27,1.64),(1358,5,85,2,163,7,5,2),(1359,5,85,2,164,8,80.4,112.5),(1360,5,85,2,164,6,1.27,1.1),(1361,5,85,2,164,7,5,7),(1362,5,85,2,165,8,80.4,144.6),(1363,5,85,2,165,6,1.27,1.42),(1364,5,85,2,165,7,5,9),(1365,5,85,2,166,8,80.4,64.3),(1366,5,85,2,166,6,1.27,2.77),(1367,5,85,2,166,7,5,4),(1368,5,85,2,167,8,80.4,64.3),(1369,5,85,2,167,6,1.27,1.98),(1370,5,85,2,167,7,5,4),(1371,5,85,2,168,8,80.4,160.7),(1372,5,85,2,168,6,1.27,0.84),(1373,5,85,2,168,7,5,10),(1374,5,86,2,157,8,0,0),(1375,5,86,2,157,6,4.75,4.75),(1376,5,86,2,157,7,0,0),(1377,5,86,2,158,8,0,0),(1378,5,86,2,158,6,4.75,2.46),(1379,5,86,2,158,7,0,0),(1380,5,86,2,159,8,0,0),(1381,5,86,2,159,6,4.75,2.34),(1382,5,86,2,159,7,0,0),(1383,5,86,2,160,8,0,0),(1384,5,86,2,160,6,4.75,1.04),(1385,5,86,2,160,7,0,0),(1386,5,86,2,161,8,0,0),(1387,5,86,2,161,6,4.75,1.23),(1388,5,86,2,161,7,0,0),(1389,5,86,2,162,8,0,0),(1390,5,86,2,162,6,4.75,2.32),(1391,5,86,2,162,7,0,0),(1392,5,86,2,163,8,0,0),(1393,5,86,2,163,6,4.75,1.73),(1394,5,86,2,163,7,0,0),(1395,5,86,2,164,8,0,0),(1396,5,86,2,164,6,4.75,1.18),(1397,5,86,2,164,7,0,0),(1398,5,86,2,165,8,0,191),(1399,5,86,2,165,6,4.75,3.05),(1400,5,86,2,165,7,0,29),(1401,5,86,2,166,8,0,92.2),(1402,5,86,2,166,6,4.75,2.68),(1403,5,86,2,166,7,0,14),(1404,5,86,2,167,8,0,171.3),(1405,5,86,2,167,6,4.75,4.2),(1406,5,86,2,167,7,0,26),(1407,5,86,2,168,8,0,204.2),(1408,5,86,2,168,6,4.75,1.49),(1409,5,86,2,168,7,0,31),(1410,5,87,2,157,8,134.8,134.8),(1411,5,87,2,157,6,1.4,1.4),(1412,5,87,2,157,7,10,10),(1413,5,87,2,158,8,134.8,202.1),(1414,5,87,2,158,6,1.4,3.29),(1415,5,87,2,158,7,10,15),(1416,5,87,2,159,8,134.8,202.1),(1417,5,87,2,159,6,1.4,1.11),(1418,5,87,2,159,7,10,15),(1419,5,87,2,160,8,134.8,269.5),(1420,5,87,2,160,6,1.4,1.15),(1421,5,87,2,160,7,10,20),(1422,5,87,2,161,8,134.8,53.9),(1423,5,87,2,161,6,1.4,1.3),(1424,5,87,2,161,7,10,4),(1425,5,87,2,162,8,134.8,27),(1426,5,87,2,162,6,1.4,1.78),(1427,5,87,2,162,7,10,2),(1428,5,87,2,163,8,134.8,27),(1429,5,87,2,163,6,1.4,0.98),(1430,5,87,2,163,7,10,2),(1431,5,87,2,164,8,134.8,148.2),(1432,5,87,2,164,6,1.4,3.75),(1433,5,87,2,164,7,10,11),(1434,5,87,2,165,8,134.8,134.8),(1435,5,87,2,165,6,1.4,1.47),(1436,5,87,2,165,7,10,10),(1437,5,87,2,166,8,134.8,188.7),(1438,5,87,2,166,6,1.4,0.86),(1439,5,87,2,166,7,10,14),(1440,5,87,2,167,8,134.8,67.4),(1441,5,87,2,167,6,1.4,2.23),(1442,5,87,2,167,7,10,5),(1443,5,87,2,168,8,134.8,336.9),(1444,5,87,2,168,6,1.4,1.48),(1445,5,87,2,168,7,10,25),(1446,5,88,2,157,8,0,0),(1447,5,88,2,157,6,1.06,1.06),(1448,5,88,2,157,7,0,0),(1449,5,88,2,158,8,0,0),(1450,5,88,2,158,6,1.06,1.94),(1451,5,88,2,158,7,0,0),(1452,5,88,2,159,8,0,0),(1453,5,88,2,159,6,1.06,0.76),(1454,5,88,2,159,7,0,0),(1455,5,88,2,160,8,0,0),(1456,5,88,2,160,6,1.06,0.89),(1457,5,88,2,160,7,0,0),(1458,5,88,2,161,8,0,329.1),(1459,5,88,2,161,6,1.06,1.47),(1460,5,88,2,161,7,0,25),(1461,5,88,2,162,8,0,263.3),(1462,5,88,2,162,6,1.06,3.58),(1463,5,88,2,162,7,0,20),(1464,5,88,2,163,8,0,250.1),(1465,5,88,2,163,6,1.06,1.66),(1466,5,88,2,163,7,0,19),(1467,5,88,2,164,8,0,329.1),(1468,5,88,2,164,6,1.06,1.11),(1469,5,88,2,164,7,0,25),(1470,5,88,2,165,8,0,223.8),(1471,5,88,2,165,6,1.06,0.79),(1472,5,88,2,165,7,0,17),(1473,5,88,2,166,8,0,236.9),(1474,5,88,2,166,6,1.06,1.21),(1475,5,88,2,166,7,0,18),(1476,5,88,2,167,8,0,92.1),(1477,5,88,2,167,6,1.06,1.7),(1478,5,88,2,167,7,0,7),(1479,5,88,2,168,8,0,158),(1480,5,88,2,168,6,1.06,0.74),(1481,5,88,2,168,7,0,12),(1482,5,89,2,157,8,373.6,373.6),(1483,5,89,2,157,6,2.39,2.39),(1484,5,89,2,157,7,12,12),(1485,5,89,2,158,8,373.6,373.6),(1486,5,89,2,158,6,2.39,0.96),(1487,5,89,2,158,7,12,12),(1488,5,89,2,159,8,373.6,373.6),(1489,5,89,2,159,6,2.39,2.69),(1490,5,89,2,159,7,12,12),(1491,5,89,2,160,8,373.6,373.6),(1492,5,89,2,160,6,2.39,1.22),(1493,5,89,2,160,7,12,12),(1494,5,89,2,161,8,373.6,0),(1495,5,89,2,161,6,2.39,2.17),(1496,5,89,2,161,7,12,0),(1497,5,89,2,162,8,373.6,0),(1498,5,89,2,162,6,2.39,1.07),(1499,5,89,2,162,7,12,0),(1500,5,89,2,163,8,373.6,0),(1501,5,89,2,163,6,2.39,2.47),(1502,5,89,2,163,7,12,0),(1503,5,89,2,164,8,373.6,0),(1504,5,89,2,164,6,2.39,1.73),(1505,5,89,2,164,7,12,0),(1506,5,89,2,165,8,373.6,560.3),(1507,5,89,2,165,6,2.39,1.89),(1508,5,89,2,165,7,12,18),(1509,5,89,2,166,8,373.6,342.4),(1510,5,89,2,166,6,2.39,1.65),(1511,5,89,2,166,7,12,11),(1512,5,89,2,167,8,373.6,871.6),(1513,5,89,2,167,6,2.39,3.76),(1514,5,89,2,167,7,12,28),(1515,5,89,2,168,8,373.6,933.9),(1516,5,89,2,168,6,2.39,1.31),(1517,5,89,2,168,7,12,30),(1518,5,90,2,157,8,286.6,286.6),(1519,5,90,2,157,6,2.3,2.3),(1520,5,90,2,157,7,16,16),(1521,5,90,2,158,8,286.6,268.6),(1522,5,90,2,158,6,2.3,1.74),(1523,5,90,2,158,7,16,15),(1524,5,90,2,159,8,286.6,268.6),(1525,5,90,2,159,6,2.3,1.26),(1526,5,90,2,159,7,16,15),(1527,5,90,2,160,8,286.6,358.2),(1528,5,90,2,160,6,2.3,0.68),(1529,5,90,2,160,7,16,20),(1530,5,90,2,161,8,286.6,89.5),(1531,5,90,2,161,6,2.3,0.82),(1532,5,90,2,161,7,16,5),(1533,5,90,2,162,8,286.6,197),(1534,5,90,2,162,6,2.3,0.57),(1535,5,90,2,162,7,16,11),(1536,5,90,2,163,8,286.6,89.5),(1537,5,90,2,163,6,2.3,2.26),(1538,5,90,2,163,7,16,5),(1539,5,90,2,164,8,286.6,161.2),(1540,5,90,2,164,6,2.3,1.71),(1541,5,90,2,164,7,16,9),(1542,5,90,2,165,8,286.6,107.5),(1543,5,90,2,165,6,2.3,2.68),(1544,5,90,2,165,7,16,6),(1545,5,90,2,166,8,286.6,89.5),(1546,5,90,2,166,6,2.3,0.9),(1547,5,90,2,166,7,16,5),(1548,5,90,2,167,8,286.6,17.9),(1549,5,90,2,167,6,2.3,0.94),(1550,5,90,2,167,7,16,1),(1551,5,90,2,168,8,286.6,143.3),(1552,5,90,2,168,6,2.3,1.27),(1553,5,90,2,168,7,16,8),(1554,5,91,2,157,8,0,0),(1555,5,91,2,157,6,0.55,0.55),(1556,5,91,2,157,7,0,0),(1557,5,91,2,158,8,0,0),(1558,5,91,2,158,6,0.55,0.23),(1559,5,91,2,158,7,0,0),(1560,5,91,2,159,8,0,0),(1561,5,91,2,159,6,0.55,0.38),(1562,5,91,2,159,7,0,0),(1563,5,91,2,160,8,0,0),(1564,5,91,2,160,6,0.55,0.41),(1565,5,91,2,160,7,0,0),(1566,5,91,2,161,8,0,78.4),(1567,5,91,2,161,6,0.55,0.72),(1568,5,91,2,161,7,0,2),(1569,5,91,2,162,8,0,78.4),(1570,5,91,2,162,6,0.55,0.37),(1571,5,91,2,162,7,0,2),(1572,5,91,2,163,8,0,78.4),(1573,5,91,2,163,6,0.55,0.35),(1574,5,91,2,163,7,0,2),(1575,5,91,2,164,8,0,235.1),(1576,5,91,2,164,6,0.55,0.21),(1577,5,91,2,164,7,0,6),(1578,5,91,2,165,8,0,0),(1579,5,91,2,165,6,0.55,0.42),(1580,5,91,2,165,7,0,0),(1581,5,91,2,166,8,0,0),(1582,5,91,2,166,6,0.55,0.45),(1583,5,91,2,166,7,0,0),(1584,5,91,2,167,8,0,0),(1585,5,91,2,167,6,0.55,0.78),(1586,5,91,2,167,7,0,0),(1587,5,91,2,168,8,0,0),(1588,5,91,2,168,6,0.55,0.59),(1589,5,91,2,168,7,0,0),(1590,5,92,2,157,8,43.3,43.3),(1591,5,92,2,157,6,0.64,0.64),(1592,5,92,2,157,7,1,1),(1593,5,92,2,158,8,43.3,43.3),(1594,5,92,2,158,6,0.64,1.75),(1595,5,92,2,158,7,1,1),(1596,5,92,2,159,8,43.3,43.3),(1597,5,92,2,159,6,0.64,0.57),(1598,5,92,2,159,7,1,1),(1599,5,92,2,160,8,43.3,86.7),(1600,5,92,2,160,6,0.64,0.53),(1601,5,92,2,160,7,1,2),(1602,5,92,2,161,8,43.3,0),(1603,5,92,2,161,6,0.64,0.22),(1604,5,92,2,161,7,1,0),(1605,5,92,2,162,8,43.3,43.3),(1606,5,92,2,162,6,0.64,0.5),(1607,5,92,2,162,7,1,1),(1608,5,92,2,163,8,43.3,0),(1609,5,92,2,163,6,0.64,0.25),(1610,5,92,2,163,7,1,0),(1611,5,92,2,164,8,43.3,130),(1612,5,92,2,164,6,0.64,1.24),(1613,5,92,2,164,7,1,3),(1614,5,92,2,165,8,43.3,130),(1615,5,92,2,165,6,0.64,0.3),(1616,5,92,2,165,7,1,3),(1617,5,92,2,166,8,43.3,86.7),(1618,5,92,2,166,6,0.64,0.63),(1619,5,92,2,166,7,1,2),(1620,5,92,2,167,8,43.3,43.3),(1621,5,92,2,167,6,0.64,0.23),(1622,5,92,2,167,7,1,1),(1623,5,92,2,168,8,43.3,173.3),(1624,5,92,2,168,6,0.64,0.35),(1625,5,92,2,168,7,1,4),(1626,5,93,2,157,8,118.2,118.2),(1627,5,93,2,157,6,0.78,0.78),(1628,5,93,2,157,7,4,4),(1629,5,93,2,158,8,118.2,147.8),(1630,5,93,2,158,6,0.78,0.81),(1631,5,93,2,158,7,4,5),(1632,5,93,2,159,8,118.2,147.8),(1633,5,93,2,159,6,0.78,0.96),(1634,5,93,2,159,7,4,5),(1635,5,93,2,160,8,118.2,147.8),(1636,5,93,2,160,6,0.78,1.28),(1637,5,93,2,160,7,4,5),(1638,5,93,2,161,8,118.2,29.6),(1639,5,93,2,161,6,0.78,0.71),(1640,5,93,2,161,7,4,1),(1641,5,93,2,162,8,118.2,29.6),(1642,5,93,2,162,6,0.78,0.5),(1643,5,93,2,162,7,4,1),(1644,5,93,2,163,8,118.2,59.1),(1645,5,93,2,163,6,0.78,1.13),(1646,5,93,2,163,7,4,2),(1647,5,93,2,164,8,118.2,88.7),(1648,5,93,2,164,6,0.78,0.44),(1649,5,93,2,164,7,4,3),(1650,5,93,2,165,8,118.2,118.2),(1651,5,93,2,165,6,0.78,0.29),(1652,5,93,2,165,7,4,4),(1653,5,93,2,166,8,118.2,384.2),(1654,5,93,2,166,6,0.78,0.53),(1655,5,93,2,166,7,4,13),(1656,5,93,2,167,8,118.2,177.3),(1657,5,93,2,167,6,0.78,0.42),(1658,5,93,2,167,7,4,6),(1659,5,93,2,168,8,118.2,295.5),(1660,5,93,2,168,6,0.78,0.67),(1661,5,93,2,168,7,4,10),(1662,5,94,2,157,8,171.7,171.7),(1663,5,94,2,157,6,0.36,0.36),(1664,5,94,2,157,7,30,30),(1665,5,94,2,158,8,171.7,229),(1666,5,94,2,158,6,0.36,1.34),(1667,5,94,2,158,7,30,40),(1668,5,94,2,159,8,171.7,229),(1669,5,94,2,159,6,0.36,1.79),(1670,5,94,2,159,7,30,40),(1671,5,94,2,160,8,171.7,257.6),(1672,5,94,2,160,6,0.36,0.49),(1673,5,94,2,160,7,30,45),(1674,5,94,2,161,8,171.7,749.9),(1675,5,94,2,161,6,0.36,0.91),(1676,5,94,2,161,7,30,131),(1677,5,94,2,162,8,171.7,669.8),(1678,5,94,2,162,6,0.36,1.83),(1679,5,94,2,162,7,30,117),(1680,5,94,2,163,8,171.7,120.2),(1681,5,94,2,163,6,0.36,1.04),(1682,5,94,2,163,7,30,21),(1683,5,94,2,164,8,171.7,572.4),(1684,5,94,2,164,6,0.36,0.85),(1685,5,94,2,164,7,30,100),(1686,5,94,2,165,8,171.7,383.5),(1687,5,94,2,165,6,0.36,1.47),(1688,5,94,2,165,7,30,67),(1689,5,94,2,166,8,171.7,366.4),(1690,5,94,2,166,6,0.36,0.51),(1691,5,94,2,166,7,30,64),(1692,5,94,2,167,8,171.7,372.1),(1693,5,94,2,167,6,0.36,0.32),(1694,5,94,2,167,7,30,65),(1695,5,94,2,168,8,171.7,561),(1696,5,94,2,168,6,0.36,1.78),(1697,5,94,2,168,7,30,98),(1698,5,95,2,157,8,0,0),(1699,5,95,2,157,6,1.08,1.08),(1700,5,95,2,157,7,0,0),(1701,5,95,2,158,8,0,0),(1702,5,95,2,158,6,1.08,1.46),(1703,5,95,2,158,7,0,0),(1704,5,95,2,159,8,0,0),(1705,5,95,2,159,6,1.08,1.04),(1706,5,95,2,159,7,0,0),(1707,5,95,2,160,8,0,0),(1708,5,95,2,160,6,1.08,2.65),(1709,5,95,2,160,7,0,0),(1710,5,95,2,161,8,0,0),(1711,5,95,2,161,6,1.08,1.08),(1712,5,95,2,161,7,0,0),(1713,5,95,2,162,8,0,0),(1714,5,95,2,162,6,1.08,0.62),(1715,5,95,2,162,7,0,0),(1716,5,95,2,163,8,0,0),(1717,5,95,2,163,6,1.08,1.18),(1718,5,95,2,163,7,0,0),(1719,5,95,2,164,8,0,0),(1720,5,95,2,164,6,1.08,0.68),(1721,5,95,2,164,7,0,0),(1722,5,95,2,165,8,0,0),(1723,5,95,2,165,6,1.08,3.51),(1724,5,95,2,165,7,0,0),(1725,5,95,2,166,8,0,0),(1726,5,95,2,166,6,1.08,1.07),(1727,5,95,2,166,7,0,0),(1728,5,95,2,167,8,0,0),(1729,5,95,2,167,6,1.08,2.45),(1730,5,95,2,167,7,0,0),(1731,5,95,2,168,8,0,0),(1732,5,95,2,168,6,1.08,1.13),(1733,5,95,2,168,7,0,0),(1734,5,96,2,157,8,86.5,86.5),(1735,5,96,2,157,6,0.85,0.85),(1736,5,96,2,157,7,7,7),(1737,5,96,2,158,8,86.5,86.5),(1738,5,96,2,158,6,0.85,2.2),(1739,5,96,2,158,7,7,7),(1740,5,96,2,159,8,86.5,86.5),(1741,5,96,2,159,6,0.85,2.29),(1742,5,96,2,159,7,7,7),(1743,5,96,2,160,8,86.5,98.8),(1744,5,96,2,160,6,0.85,6.13),(1745,5,96,2,160,7,7,8),(1746,5,96,2,161,8,86.5,654.6),(1747,5,96,2,161,6,0.85,4.36),(1748,5,96,2,161,7,7,53),(1749,5,96,2,162,8,86.5,617.6),(1750,5,96,2,162,6,0.85,0.93),(1751,5,96,2,162,7,7,50),(1752,5,96,2,163,8,86.5,901.7),(1753,5,96,2,163,6,0.85,0.89),(1754,5,96,2,163,7,7,73),(1755,5,96,2,164,8,86.5,1210.4),(1756,5,96,2,164,6,0.85,2.73),(1757,5,96,2,164,7,7,98),(1758,5,96,2,165,8,86.5,1025.2),(1759,5,96,2,165,6,0.85,1.78),(1760,5,96,2,165,7,7,83),(1761,5,96,2,166,8,86.5,1173.4),(1762,5,96,2,166,6,0.85,1.35),(1763,5,96,2,166,7,7,95),(1764,5,96,2,167,8,86.5,654.6),(1765,5,96,2,167,6,0.85,1.75),(1766,5,96,2,167,7,7,53),(1767,5,96,2,168,8,86.5,1062.2),(1768,5,96,2,168,6,0.85,1.16),(1769,5,96,2,168,7,7,86),(1770,7,49,2,157,8,20.3,20.3),(1771,7,49,2,157,6,0.66,0.66),(1772,7,49,2,157,7,3,3),(1773,7,49,2,158,8,20.3,33.8),(1774,7,49,2,158,6,0.66,1.64),(1775,7,49,2,158,7,3,5),(1776,7,49,2,159,8,20.3,40.5),(1777,7,49,2,159,6,0.66,1.16),(1778,7,49,2,159,7,3,6),(1779,7,49,2,160,8,20.3,13.5),(1780,7,49,2,160,6,0.66,1.27),(1781,7,49,2,160,7,3,2),(1782,7,49,2,161,8,20.3,418.6),(1783,7,49,2,161,6,0.66,2.46),(1784,7,49,2,161,7,3,62),(1785,7,49,2,162,8,20.3,276.8),(1786,7,49,2,162,6,0.66,1.12),(1787,7,49,2,162,7,3,41),(1788,7,49,2,163,8,20.3,189.1),(1789,7,49,2,163,6,0.66,0.86),(1790,7,49,2,163,7,3,28),(1791,7,49,2,164,8,20.3,276.8),(1792,7,49,2,164,6,0.66,0.78),(1793,7,49,2,164,7,3,41),(1794,7,49,2,165,8,20.3,182.3),(1795,7,49,2,165,6,0.66,1.29),(1796,7,49,2,165,7,3,27),(1797,7,49,2,166,8,20.3,216.1),(1798,7,49,2,166,6,0.66,1),(1799,7,49,2,166,7,3,32),(1800,7,49,2,167,8,20.3,270.1),(1801,7,49,2,167,6,0.66,2.08),(1802,7,49,2,167,7,3,40),(1803,7,49,2,168,8,20.3,445.7),(1804,7,49,2,168,6,0.66,0.61),(1805,7,49,2,168,7,3,66),(1806,7,50,2,157,8,20.9,20.9),(1807,7,50,2,157,6,1.95,1.95),(1808,7,50,2,157,7,2,2),(1809,7,50,2,158,8,20.9,20.9),(1810,7,50,2,158,6,1.95,1.33),(1811,7,50,2,158,7,2,2),(1812,7,50,2,159,8,20.9,20.9),(1813,7,50,2,159,6,1.95,0.65),(1814,7,50,2,159,7,2,2),(1815,7,50,2,160,8,20.9,20.9),(1816,7,50,2,160,6,1.95,0.98),(1817,7,50,2,160,7,2,2),(1818,7,50,2,161,8,20.9,460.4),(1819,7,50,2,161,6,1.95,1.66),(1820,7,50,2,161,7,2,44),(1821,7,50,2,162,8,20.9,533.7),(1822,7,50,2,162,6,1.95,1.73),(1823,7,50,2,162,7,2,51),(1824,7,50,2,163,8,20.9,313.9),(1825,7,50,2,163,6,1.95,1.15),(1826,7,50,2,163,7,2,30),(1827,7,50,2,164,8,20.9,439.5),(1828,7,50,2,164,6,1.95,0.54),(1829,7,50,2,164,7,2,42),(1830,7,50,2,165,8,20.9,52.3),(1831,7,50,2,165,6,1.95,0.77),(1832,7,50,2,165,7,2,5),(1833,7,50,2,166,8,20.9,62.8),(1834,7,50,2,166,6,1.95,1.97),(1835,7,50,2,166,7,2,6),(1836,7,50,2,167,8,20.9,31.4),(1837,7,50,2,167,6,1.95,0.73),(1838,7,50,2,167,7,2,3),(1839,7,50,2,168,8,20.9,94.2),(1840,7,50,2,168,6,1.95,1.75),(1841,7,50,2,168,7,2,9),(1842,7,51,2,157,8,0,0),(1843,7,51,2,157,6,0.01,0.01),(1844,7,51,2,157,7,0,0),(1845,7,51,2,158,8,0,0),(1846,7,51,2,158,6,0.01,0.01),(1847,7,51,2,158,7,0,0),(1848,7,51,2,159,8,0,0),(1849,7,51,2,159,6,0.01,-0.02),(1850,7,51,2,159,7,0,0),(1851,7,51,2,160,8,0,0),(1852,7,51,2,160,6,0.01,0),(1853,7,51,2,160,7,0,0),(1854,7,51,2,161,8,0,0),(1855,7,51,2,161,6,0.01,0),(1856,7,51,2,161,7,0,0),(1857,7,51,2,162,8,0,0),(1858,7,51,2,162,6,0.01,0.01),(1859,7,51,2,162,7,0,0),(1860,7,51,2,163,8,0,0),(1861,7,51,2,163,6,0.01,0.01),(1862,7,51,2,163,7,0,0),(1863,7,51,2,164,8,0,0),(1864,7,51,2,164,6,0.01,0),(1865,7,51,2,164,7,0,0),(1866,7,51,2,165,8,0,0),(1867,7,51,2,165,6,0.01,0.01),(1868,7,51,2,165,7,0,0),(1869,7,51,2,166,8,0,0),(1870,7,51,2,166,6,0.01,0),(1871,7,51,2,166,7,0,0),(1872,7,51,2,167,8,0,0),(1873,7,51,2,167,6,0.01,0),(1874,7,51,2,167,7,0,0),(1875,7,51,2,168,8,0,265.5),(1876,7,51,2,168,6,0.01,0),(1877,7,51,2,168,7,0,2),(1878,7,52,2,157,8,86.8,86.8),(1879,7,52,2,157,6,0.29,0.29),(1880,7,52,2,157,7,5,5),(1881,7,52,2,158,8,86.8,104.2),(1882,7,52,2,158,6,0.29,0.18),(1883,7,52,2,158,7,5,6),(1884,7,52,2,159,8,86.8,173.7),(1885,7,52,2,159,6,0.29,0.27),(1886,7,52,2,159,7,5,10),(1887,7,52,2,160,8,86.8,173.7),(1888,7,52,2,160,6,0.29,0.04),(1889,7,52,2,160,7,5,10),(1890,7,52,2,161,8,86.8,260.5),(1891,7,52,2,161,6,0.29,0.21),(1892,7,52,2,161,7,5,15),(1893,7,52,2,162,8,86.8,104.2),(1894,7,52,2,162,6,0.29,0.16),(1895,7,52,2,162,7,5,6),(1896,7,52,2,163,8,86.8,191),(1897,7,52,2,163,6,0.29,0.12),(1898,7,52,2,163,7,5,11),(1899,7,52,2,164,8,86.8,382.1),(1900,7,52,2,164,6,0.29,0.06),(1901,7,52,2,164,7,5,22),(1902,7,52,2,165,8,86.8,156.3),(1903,7,52,2,165,6,0.29,0.04),(1904,7,52,2,165,7,5,9),(1905,7,52,2,166,8,86.8,295.2),(1906,7,52,2,166,6,0.29,0.1),(1907,7,52,2,166,7,5,17),(1908,7,52,2,167,8,86.8,69.5),(1909,7,52,2,167,6,0.29,0.08),(1910,7,52,2,167,7,5,4),(1911,7,52,2,168,8,86.8,382.1),(1912,7,52,2,168,6,0.29,0.11),(1913,7,52,2,168,7,5,22),(1914,7,53,2,157,8,436.7,436.7),(1915,7,53,2,157,6,0.5,0.5),(1916,7,53,2,157,7,20,20),(1917,7,53,2,158,8,436.7,283.9),(1918,7,53,2,158,6,0.5,0.13),(1919,7,53,2,158,7,20,13),(1920,7,53,2,159,8,436.7,218.4),(1921,7,53,2,159,6,0.5,0.34),(1922,7,53,2,159,7,20,10),(1923,7,53,2,160,8,436.7,218.4),(1924,7,53,2,160,6,0.5,0.67),(1925,7,53,2,160,7,20,10),(1926,7,53,2,161,8,436.7,262),(1927,7,53,2,161,6,0.5,0.09),(1928,7,53,2,161,7,20,12),(1929,7,53,2,162,8,436.7,87.3),(1930,7,53,2,162,6,0.5,0.54),(1931,7,53,2,162,7,20,4),(1932,7,53,2,163,8,436.7,218.4),(1933,7,53,2,163,6,0.5,0.29),(1934,7,53,2,163,7,20,10),(1935,7,53,2,164,8,436.7,262),(1936,7,53,2,164,6,0.5,0.11),(1937,7,53,2,164,7,20,12),(1938,7,53,2,165,8,436.7,262),(1939,7,53,2,165,6,0.5,0.12),(1940,7,53,2,165,7,20,12),(1941,7,53,2,166,8,436.7,87.3),(1942,7,53,2,166,6,0.5,0.26),(1943,7,53,2,166,7,20,4),(1944,7,53,2,167,8,436.7,131),(1945,7,53,2,167,6,0.5,0.46),(1946,7,53,2,167,7,20,6),(1947,7,53,2,168,8,436.7,327.5),(1948,7,53,2,168,6,0.5,0.19),(1949,7,53,2,168,7,20,15),(1950,7,54,2,157,8,0,0),(1951,7,54,2,157,6,0.42,0.42),(1952,7,54,2,157,7,0,0),(1953,7,54,2,158,8,0,0),(1954,7,54,2,158,6,0.42,0.41),(1955,7,54,2,158,7,0,0),(1956,7,54,2,159,8,0,0),(1957,7,54,2,159,6,0.42,0.97),(1958,7,54,2,159,7,0,0),(1959,7,54,2,160,8,0,0),(1960,7,54,2,160,6,0.42,0.71),(1961,7,54,2,160,7,0,0),(1962,7,54,2,161,8,0,543.3),(1963,7,54,2,161,6,0.42,0.44),(1964,7,54,2,161,7,0,49),(1965,7,54,2,162,8,0,221.8),(1966,7,54,2,162,6,0.42,0.44),(1967,7,54,2,162,7,0,20),(1968,7,54,2,163,8,0,388.1),(1969,7,54,2,163,6,0.42,0.21),(1970,7,54,2,163,7,0,35),(1971,7,54,2,164,8,0,565.5),(1972,7,54,2,164,6,0.42,0.51),(1973,7,54,2,164,7,0,51),(1974,7,54,2,165,8,0,133.1),(1975,7,54,2,165,6,0.42,0.17),(1976,7,54,2,165,7,0,12),(1977,7,54,2,166,8,0,77.6),(1978,7,54,2,166,6,0.42,0.18),(1979,7,54,2,166,7,0,7),(1980,7,54,2,167,8,0,88.7),(1981,7,54,2,167,6,0.42,0.12),(1982,7,54,2,167,7,0,8),(1983,7,54,2,168,8,0,122),(1984,7,54,2,168,6,0.42,0.48),(1985,7,54,2,168,7,0,11),(1986,7,55,2,157,8,165.4,165.4),(1987,7,55,2,157,6,0.19,0.19),(1988,7,55,2,157,7,10,10),(1989,7,55,2,158,8,165.4,181.9),(1990,7,55,2,158,6,0.19,0.35),(1991,7,55,2,158,7,10,11),(1992,7,55,2,159,8,165.4,165.4),(1993,7,55,2,159,6,0.19,0.29),(1994,7,55,2,159,7,10,10),(1995,7,55,2,160,8,165.4,165.4),(1996,7,55,2,160,6,0.19,0.42),(1997,7,55,2,160,7,10,10),(1998,7,55,2,161,8,165.4,248.1),(1999,7,55,2,161,6,0.19,0.24),(2000,7,55,2,161,7,10,15),(2001,7,55,2,162,8,165.4,82.7),(2002,7,55,2,162,6,0.19,0.35),(2003,7,55,2,162,7,10,5),(2004,7,55,2,163,8,165.4,66.2),(2005,7,55,2,163,6,0.19,0.27),(2006,7,55,2,163,7,10,4),(2007,7,55,2,164,8,165.4,281.2),(2008,7,55,2,164,6,0.19,0.86),(2009,7,55,2,164,7,10,17),(2010,7,55,2,165,8,165.4,215),(2011,7,55,2,165,6,0.19,0.45),(2012,7,55,2,165,7,10,13),(2013,7,55,2,166,8,165.4,297.7),(2014,7,55,2,166,6,0.19,0.47),(2015,7,55,2,166,7,10,18),(2016,7,55,2,167,8,165.4,82.7),(2017,7,55,2,167,6,0.19,0.37),(2018,7,55,2,167,7,10,5),(2019,7,55,2,168,8,165.4,248.1),(2020,7,55,2,168,6,0.19,0.42),(2021,7,55,2,168,7,10,15),(2022,7,56,2,157,8,37.1,37.1),(2023,7,56,2,157,6,1.13,1.13),(2024,7,56,2,157,7,1,1),(2025,7,56,2,158,8,37.1,37.1),(2026,7,56,2,158,6,1.13,1.03),(2027,7,56,2,158,7,1,1),(2028,7,56,2,159,8,37.1,74.1),(2029,7,56,2,159,6,1.13,0.74),(2030,7,56,2,159,7,1,2),(2031,7,56,2,160,8,37.1,37.1),(2032,7,56,2,160,6,1.13,1.85),(2033,7,56,2,160,7,1,1),(2034,7,56,2,161,8,37.1,0),(2035,7,56,2,161,6,1.13,1.18),(2036,7,56,2,161,7,1,0),(2037,7,56,2,162,8,37.1,37.1),(2038,7,56,2,162,6,1.13,0.6),(2039,7,56,2,162,7,1,1),(2040,7,56,2,163,8,37.1,0),(2041,7,56,2,163,6,1.13,0.3),(2042,7,56,2,163,7,1,0),(2043,7,56,2,164,8,37.1,148.3),(2044,7,56,2,164,6,1.13,0.61),(2045,7,56,2,164,7,1,4),(2046,7,56,2,165,8,37.1,333.6),(2047,7,56,2,165,6,1.13,2.29),(2048,7,56,2,165,7,1,9),(2049,7,56,2,166,8,37.1,259.5),(2050,7,56,2,166,6,1.13,0.51),(2051,7,56,2,166,7,1,7),(2052,7,56,2,167,8,37.1,185.4),(2053,7,56,2,167,6,1.13,0.39),(2054,7,56,2,167,7,1,5),(2055,7,56,2,168,8,37.1,296.6),(2056,7,56,2,168,6,1.13,1.2),(2057,7,56,2,168,7,1,8),(2058,7,57,2,157,8,64.1,64.1),(2059,7,57,2,157,6,0.59,0.59),(2060,7,57,2,157,7,9,9),(2061,7,57,2,158,8,64.1,57),(2062,7,57,2,158,6,0.59,0.77),(2063,7,57,2,158,7,9,8),(2064,7,57,2,159,8,64.1,42.7),(2065,7,57,2,159,6,0.59,1.46),(2066,7,57,2,159,7,9,6),(2067,7,57,2,160,8,64.1,42.7),(2068,7,57,2,160,6,0.59,0.72),(2069,7,57,2,160,7,9,6),(2070,7,57,2,161,8,64.1,99.7),(2071,7,57,2,161,6,0.59,0.45),(2072,7,57,2,161,7,9,14),(2073,7,57,2,162,8,64.1,263.6),(2074,7,57,2,162,6,0.59,1.26),(2075,7,57,2,162,7,9,37),(2076,7,57,2,163,8,64.1,92.6),(2077,7,57,2,163,6,0.59,0.81),(2078,7,57,2,163,7,9,13),(2079,7,57,2,164,8,64.1,235.1),(2080,7,57,2,164,6,0.59,2.6),(2081,7,57,2,164,7,9,33),(2082,7,57,2,165,8,64.1,178.1),(2083,7,57,2,165,6,0.59,0.71),(2084,7,57,2,165,7,9,25),(2085,7,57,2,166,8,64.1,149.6),(2086,7,57,2,166,6,0.59,1.03),(2087,7,57,2,166,7,9,21),(2088,7,57,2,167,8,64.1,35.6),(2089,7,57,2,167,6,0.59,1.23),(2090,7,57,2,167,7,9,5),(2091,7,57,2,168,8,64.1,192.3),(2092,7,57,2,168,6,0.59,0.69),(2093,7,57,2,168,7,9,27),(2094,7,58,2,157,8,44.3,44.3),(2095,7,58,2,157,6,0.44,0.44),(2096,7,58,2,157,7,1,1),(2097,7,58,2,158,8,44.3,44.3),(2098,7,58,2,158,6,0.44,0.45),(2099,7,58,2,158,7,1,1),(2100,7,58,2,159,8,44.3,44.3),(2101,7,58,2,159,6,0.44,0.46),(2102,7,58,2,159,7,1,1),(2103,7,58,2,160,8,44.3,44.3),(2104,7,58,2,160,6,0.44,0.37),(2105,7,58,2,160,7,1,1),(2106,7,58,2,161,8,44.3,44.3),(2107,7,58,2,161,6,0.44,0.36),(2108,7,58,2,161,7,1,1),(2109,7,58,2,162,8,44.3,88.6),(2110,7,58,2,162,6,0.44,0.88),(2111,7,58,2,162,7,1,2),(2112,7,58,2,163,8,44.3,44.3),(2113,7,58,2,163,6,0.44,1.12),(2114,7,58,2,163,7,1,1),(2115,7,58,2,164,8,44.3,265.8),(2116,7,58,2,164,6,0.44,0.48),(2117,7,58,2,164,7,1,6),(2118,7,58,2,165,8,44.3,221.5),(2119,7,58,2,165,6,0.44,0.46),(2120,7,58,2,165,7,1,5),(2121,7,58,2,166,8,44.3,487.3),(2122,7,58,2,166,6,0.44,0.19),(2123,7,58,2,166,7,1,11),(2124,7,58,2,167,8,44.3,487.3),(2125,7,58,2,167,6,0.44,0.32),(2126,7,58,2,167,7,1,11),(2127,7,58,2,168,8,44.3,708.8),(2128,7,58,2,168,6,0.44,0.53),(2129,7,58,2,168,7,1,16),(2130,7,59,2,157,8,66.6,66.6),(2131,7,59,2,157,6,1.44,1.44),(2132,7,59,2,157,7,5,5),(2133,7,59,2,158,8,66.6,159.8),(2134,7,59,2,158,6,1.44,0.62),(2135,7,59,2,158,7,5,12),(2136,7,59,2,159,8,66.6,106.6),(2137,7,59,2,159,6,1.44,1.42),(2138,7,59,2,159,7,5,8),(2139,7,59,2,160,8,66.6,66.6),(2140,7,59,2,160,6,1.44,1.99),(2141,7,59,2,160,7,5,5),(2142,7,59,2,161,8,66.6,93.2),(2143,7,59,2,161,6,1.44,0.94),(2144,7,59,2,161,7,5,7),(2145,7,59,2,162,8,66.6,119.9),(2146,7,59,2,162,6,1.44,1.12),(2147,7,59,2,162,7,5,9),(2148,7,59,2,163,8,66.6,106.6),(2149,7,59,2,163,6,1.44,1.1),(2150,7,59,2,163,7,5,8),(2151,7,59,2,164,8,66.6,199.8),(2152,7,59,2,164,6,1.44,0.9),(2153,7,59,2,164,7,5,15),(2154,7,59,2,165,8,66.6,213.1),(2155,7,59,2,165,6,1.44,2.51),(2156,7,59,2,165,7,5,16),(2157,7,59,2,166,8,66.6,266.4),(2158,7,59,2,166,6,1.44,1.31),(2159,7,59,2,166,7,5,20),(2160,7,59,2,167,8,66.6,213.1),(2161,7,59,2,167,6,1.44,1.15),(2162,7,59,2,167,7,5,16),(2163,7,59,2,168,8,66.6,692.7),(2164,7,59,2,168,6,1.44,1.19),(2165,7,59,2,168,7,5,52),(2166,7,60,2,157,8,0,0),(2167,7,60,2,157,6,4.18,4.18),(2168,7,60,2,157,7,0,0),(2169,7,60,2,158,8,0,0),(2170,7,60,2,158,6,4.18,2.82),(2171,7,60,2,158,7,0,0),(2172,7,60,2,159,8,0,61.3),(2173,7,60,2,159,6,4.18,0.99),(2174,7,60,2,159,7,0,1),(2175,7,60,2,160,8,0,61.3),(2176,7,60,2,160,6,4.18,1.08),(2177,7,60,2,160,7,0,1),(2178,7,60,2,161,8,0,245.4),(2179,7,60,2,161,6,4.18,1.32),(2180,7,60,2,161,7,0,4),(2181,7,60,2,162,8,0,306.7),(2182,7,60,2,162,6,4.18,1.43),(2183,7,60,2,162,7,0,5),(2184,7,60,2,163,8,0,61.3),(2185,7,60,2,163,6,4.18,0.68),(2186,7,60,2,163,7,0,1),(2187,7,60,2,164,8,0,306.7),(2188,7,60,2,164,6,4.18,1.6),(2189,7,60,2,164,7,0,5),(2190,7,60,2,165,8,0,184),(2191,7,60,2,165,6,4.18,1.22),(2192,7,60,2,165,7,0,3),(2193,7,60,2,166,8,0,61.3),(2194,7,60,2,166,6,4.18,1.98),(2195,7,60,2,166,7,0,1),(2196,7,60,2,167,8,0,122.7),(2197,7,60,2,167,6,4.18,2.74),(2198,7,60,2,167,7,0,2),(2199,7,60,2,168,8,0,429.4),(2200,7,60,2,168,6,4.18,2.67),(2201,7,60,2,168,7,0,7),(2202,7,61,2,157,8,11.6,11.6),(2203,7,61,2,157,6,1.78,1.78),(2204,7,61,2,157,7,2,2),(2205,7,61,2,158,8,11.6,11.6),(2206,7,61,2,158,6,1.78,2.78),(2207,7,61,2,158,7,2,2),(2208,7,61,2,159,8,11.6,5.8),(2209,7,61,2,159,6,1.78,1.21),(2210,7,61,2,159,7,2,1),(2211,7,61,2,160,8,11.6,11.6),(2212,7,61,2,160,6,1.78,2.42),(2213,7,61,2,160,7,2,2),(2214,7,61,2,161,8,11.6,243.8),(2215,7,61,2,161,6,1.78,1.1),(2216,7,61,2,161,7,2,42),(2217,7,61,2,162,8,11.6,145.1),(2218,7,61,2,162,6,1.78,2.24),(2219,7,61,2,162,7,2,25),(2220,7,61,2,163,8,11.6,69.7),(2221,7,61,2,163,6,1.78,3.34),(2222,7,61,2,163,7,2,12),(2223,7,61,2,164,8,11.6,290.2),(2224,7,61,2,164,6,1.78,1.66),(2225,7,61,2,164,7,2,50),(2226,7,61,2,165,8,11.6,11.6),(2227,7,61,2,165,6,1.78,1.71),(2228,7,61,2,165,7,2,2),(2229,7,61,2,166,8,11.6,5.8),(2230,7,61,2,166,6,1.78,1.55),(2231,7,61,2,166,7,2,1),(2232,7,61,2,167,8,11.6,5.8),(2233,7,61,2,167,6,1.78,1.71),(2234,7,61,2,167,7,2,1),(2235,7,61,2,168,8,11.6,29),(2236,7,61,2,168,6,1.78,0.74),(2237,7,61,2,168,7,2,5),(2238,7,62,2,157,8,167.4,167.4),(2239,7,62,2,157,6,1.08,1.08),(2240,7,62,2,157,7,18,18),(2241,7,62,2,158,8,167.4,186),(2242,7,62,2,158,6,1.08,1.37),(2243,7,62,2,158,7,18,20),(2244,7,62,2,159,8,167.4,186),(2245,7,62,2,159,6,1.08,3.21),(2246,7,62,2,159,7,18,20),(2247,7,62,2,160,8,167.4,186),(2248,7,62,2,160,6,1.08,2.68),(2249,7,62,2,160,7,18,20),(2250,7,62,2,161,8,167.4,213.9),(2251,7,62,2,161,6,1.08,2.09),(2252,7,62,2,161,7,18,23),(2253,7,62,2,162,8,167.4,260.4),(2254,7,62,2,162,6,1.08,2.68),(2255,7,62,2,162,7,18,28),(2256,7,62,2,163,8,167.4,297.6),(2257,7,62,2,163,6,1.08,1.41),(2258,7,62,2,163,7,18,32),(2259,7,62,2,164,8,167.4,381.3),(2260,7,62,2,164,6,1.08,1.71),(2261,7,62,2,164,7,18,41),(2262,7,62,2,165,8,167.4,390.6),(2263,7,62,2,165,6,1.08,2.28),(2264,7,62,2,165,7,18,42),(2265,7,62,2,166,8,167.4,585.8),(2266,7,62,2,166,6,1.08,2.2),(2267,7,62,2,166,7,18,63),(2268,7,62,2,167,8,167.4,437),(2269,7,62,2,167,6,1.08,1.93),(2270,7,62,2,167,7,18,47),(2271,7,62,2,168,8,167.4,902),(2272,7,62,2,168,6,1.08,9.06),(2273,7,62,2,168,7,18,97),(2274,7,63,2,157,8,222.2,222.2),(2275,7,63,2,157,6,1.04,1.04),(2276,7,63,2,157,7,22,22),(2277,7,63,2,158,8,222.2,252.5),(2278,7,63,2,158,6,1.04,0.99),(2279,7,63,2,158,7,22,25),(2280,7,63,2,159,8,222.2,252.5),(2281,7,63,2,159,6,1.04,2.79),(2282,7,63,2,159,7,22,25),(2283,7,63,2,160,8,222.2,504.9),(2284,7,63,2,160,6,1.04,2.25),(2285,7,63,2,160,7,22,50),(2286,7,63,2,161,8,222.2,0),(2287,7,63,2,161,6,1.04,1.01),(2288,7,63,2,161,7,22,0),(2289,7,63,2,162,8,222.2,0),(2290,7,63,2,162,6,1.04,1.95),(2291,7,63,2,162,7,22,0),(2292,7,63,2,163,8,222.2,0),(2293,7,63,2,163,6,1.04,0.82),(2294,7,63,2,163,7,22,0),(2295,7,63,2,164,8,222.2,0),(2296,7,63,2,164,6,1.04,2.07),(2297,7,63,2,164,7,22,0),(2298,7,63,2,165,8,222.2,151.5),(2299,7,63,2,165,6,1.04,0.9),(2300,7,63,2,165,7,22,15),(2301,7,63,2,166,8,222.2,232.3),(2302,7,63,2,166,6,1.04,1.79),(2303,7,63,2,166,7,22,23),(2304,7,63,2,167,8,222.2,303),(2305,7,63,2,167,6,1.04,1.45),(2306,7,63,2,167,7,22,30),(2307,7,63,2,168,8,222.2,504.9),(2308,7,63,2,168,6,1.04,1.47),(2309,7,63,2,168,7,22,50),(2310,7,64,2,157,8,60,60),(2311,7,64,2,157,6,1.09,1.09),(2312,7,64,2,157,7,2,2),(2313,7,64,2,158,8,60,60),(2314,7,64,2,158,6,1.09,2.05),(2315,7,64,2,158,7,2,2),(2316,7,64,2,159,8,60,150),(2317,7,64,2,159,6,1.09,2.18),(2318,7,64,2,159,7,2,5),(2319,7,64,2,160,8,60,150),(2320,7,64,2,160,6,1.09,1.08),(2321,7,64,2,160,7,2,5),(2322,7,64,2,161,8,60,60),(2323,7,64,2,161,6,1.09,0.78),(2324,7,64,2,161,7,2,2),(2325,7,64,2,162,8,60,209.9),(2326,7,64,2,162,6,1.09,2.43),(2327,7,64,2,162,7,2,7),(2328,7,64,2,163,8,60,120),(2329,7,64,2,163,6,1.09,1.34),(2330,7,64,2,163,7,2,4),(2331,7,64,2,164,8,60,180),(2332,7,64,2,164,6,1.09,3.11),(2333,7,64,2,164,7,2,6),(2334,7,64,2,165,8,60,120),(2335,7,64,2,165,6,1.09,2.31),(2336,7,64,2,165,7,2,4),(2337,7,64,2,166,8,60,359.9),(2338,7,64,2,166,6,1.09,0.96),(2339,7,64,2,166,7,2,12),(2340,7,64,2,167,8,60,180),(2341,7,64,2,167,6,1.09,0.84),(2342,7,64,2,167,7,2,6),(2343,7,64,2,168,8,60,419.9),(2344,7,64,2,168,6,1.09,1.14),(2345,7,64,2,168,7,2,14),(2346,7,65,2,157,8,187.5,187.5),(2347,7,65,2,157,6,1.58,1.58),(2348,7,65,2,157,7,9,9),(2349,7,65,2,158,8,187.5,104.2),(2350,7,65,2,158,6,1.58,2.99),(2351,7,65,2,158,7,9,5),(2352,7,65,2,159,8,187.5,104.2),(2353,7,65,2,159,6,1.58,2.51),(2354,7,65,2,159,7,9,5),(2355,7,65,2,160,8,187.5,208.3),(2356,7,65,2,160,6,1.58,1.1),(2357,7,65,2,160,7,9,10),(2358,7,65,2,161,8,187.5,229.2),(2359,7,65,2,161,6,1.58,2.25),(2360,7,65,2,161,7,9,11),(2361,7,65,2,162,8,187.5,270.8),(2362,7,65,2,162,6,1.58,0.61),(2363,7,65,2,162,7,9,13),(2364,7,65,2,163,8,187.5,145.8),(2365,7,65,2,163,6,1.58,5.31),(2366,7,65,2,163,7,9,7),(2367,7,65,2,164,8,187.5,291.7),(2368,7,65,2,164,6,1.58,2.52),(2369,7,65,2,164,7,9,14),(2370,7,65,2,165,8,187.5,104.2),(2371,7,65,2,165,6,1.58,3.7),(2372,7,65,2,165,7,9,5),(2373,7,65,2,166,8,187.5,270.8),(2374,7,65,2,166,6,1.58,1.77),(2375,7,65,2,166,7,9,13),(2376,7,65,2,167,8,187.5,104.2),(2377,7,65,2,167,6,1.58,2.56),(2378,7,65,2,167,7,9,5),(2379,7,65,2,168,8,187.5,208.3),(2380,7,65,2,168,6,1.58,0.04),(2381,7,65,2,168,7,9,10),(2382,7,66,2,157,8,0,0),(2383,7,66,2,157,6,7.82,7.82),(2384,7,66,2,157,7,0,0),(2385,7,66,2,158,8,0,0),(2386,7,66,2,158,6,7.82,0.89),(2387,7,66,2,158,7,0,0),(2388,7,66,2,159,8,0,0),(2389,7,66,2,159,6,7.82,1.27),(2390,7,66,2,159,7,0,0),(2391,7,66,2,160,8,0,0),(2392,7,66,2,160,6,7.82,5.72),(2393,7,66,2,160,7,0,0),(2394,7,66,2,161,8,0,123.5),(2395,7,66,2,161,6,7.82,1.88),(2396,7,66,2,161,7,0,1),(2397,7,66,2,162,8,0,123.5),(2398,7,66,2,162,6,7.82,1.97),(2399,7,66,2,162,7,0,1),(2400,7,66,2,163,8,0,0),(2401,7,66,2,163,6,7.82,1.29),(2402,7,66,2,163,7,0,0),(2403,7,66,2,164,8,0,494),(2404,7,66,2,164,6,7.82,4.14),(2405,7,66,2,164,7,0,4),(2406,7,66,2,165,8,0,617.5),(2407,7,66,2,165,6,7.82,1.8),(2408,7,66,2,165,7,0,5),(2409,7,66,2,166,8,0,370.5),(2410,7,66,2,166,6,7.82,1.71),(2411,7,66,2,166,7,0,3),(2412,7,66,2,167,8,0,247),(2413,7,66,2,167,6,7.82,0.96),(2414,7,66,2,167,7,0,2),(2415,7,66,2,168,8,0,617.5),(2416,7,66,2,168,6,7.82,2.66),(2417,7,66,2,168,7,0,5),(2418,7,67,2,157,8,42.5,42.5),(2419,7,67,2,157,6,2.69,2.69),(2420,7,67,2,157,7,4,4),(2421,7,67,2,158,8,42.5,53.2),(2422,7,67,2,158,6,2.69,2.03),(2423,7,67,2,158,7,4,5),(2424,7,67,2,159,8,42.5,21.3),(2425,7,67,2,159,6,2.69,0.73),(2426,7,67,2,159,7,4,2),(2427,7,67,2,160,8,42.5,31.9),(2428,7,67,2,160,6,2.69,1.82),(2429,7,67,2,160,7,4,3),(2430,7,67,2,161,8,42.5,148.9),(2431,7,67,2,161,6,2.69,1.42),(2432,7,67,2,161,7,4,14),(2433,7,67,2,162,8,42.5,106.3),(2434,7,67,2,162,6,2.69,2.84),(2435,7,67,2,162,7,4,10),(2436,7,67,2,163,8,42.5,53.2),(2437,7,67,2,163,6,2.69,0.56),(2438,7,67,2,163,7,4,5),(2439,7,67,2,164,8,42.5,117),(2440,7,67,2,164,6,2.69,1.96),(2441,7,67,2,164,7,4,11),(2442,7,67,2,165,8,42.5,276.4),(2443,7,67,2,165,6,2.69,2.14),(2444,7,67,2,165,7,4,26),(2445,7,67,2,166,8,42.5,191.4),(2446,7,67,2,166,6,2.69,1.9),(2447,7,67,2,166,7,4,18),(2448,7,67,2,167,8,42.5,148.9),(2449,7,67,2,167,6,2.69,6.23),(2450,7,67,2,167,7,4,14),(2451,7,67,2,168,8,42.5,170.1),(2452,7,67,2,168,6,2.69,0),(2453,7,67,2,168,7,4,16),(2454,7,68,2,157,8,0,0),(2455,7,68,2,157,6,0.69,0.69),(2456,7,68,2,157,7,0,0),(2457,7,68,2,158,8,0,0),(2458,7,68,2,158,6,0.69,3.22),(2459,7,68,2,158,7,0,0),(2460,7,68,2,159,8,0,0),(2461,7,68,2,159,6,0.69,0.74),(2462,7,68,2,159,7,0,0),(2463,7,68,2,160,8,0,0),(2464,7,68,2,160,6,0.69,4.03),(2465,7,68,2,160,7,0,0),(2466,7,68,2,161,8,0,119.1),(2467,7,68,2,161,6,0.69,2.14),(2468,7,68,2,161,7,0,3),(2469,7,68,2,162,8,0,119.1),(2470,7,68,2,162,6,0.69,1.07),(2471,7,68,2,162,7,0,3),(2472,7,68,2,163,8,0,79.4),(2473,7,68,2,163,6,0.69,0.66),(2474,7,68,2,163,7,0,2),(2475,7,68,2,164,8,0,119.1),(2476,7,68,2,164,6,0.69,0.97),(2477,7,68,2,164,7,0,3),(2478,7,68,2,165,8,0,79.4),(2479,7,68,2,165,6,0.69,3.03),(2480,7,68,2,165,7,0,2),(2481,7,68,2,166,8,0,79.4),(2482,7,68,2,166,6,0.69,1.63),(2483,7,68,2,166,7,0,2),(2484,7,68,2,167,8,0,119.1),(2485,7,68,2,167,6,0.69,2.96),(2486,7,68,2,167,7,0,3),(2487,7,68,2,168,8,0,158.9),(2488,7,68,2,168,6,0.69,0.92),(2489,7,68,2,168,7,0,4),(2490,7,69,2,157,8,7.9,7.9),(2491,7,69,2,157,6,2.44,2.44),(2492,7,69,2,157,7,1,1),(2493,7,69,2,158,8,7.9,15.8),(2494,7,69,2,158,6,2.44,1.93),(2495,7,69,2,158,7,1,2),(2496,7,69,2,159,8,7.9,23.8),(2497,7,69,2,159,6,2.44,0.82),(2498,7,69,2,159,7,1,3),(2499,7,69,2,160,8,7.9,15.8),(2500,7,69,2,160,6,2.44,2.15),(2501,7,69,2,160,7,1,2),(2502,7,69,2,161,8,7.9,126.8),(2503,7,69,2,161,6,2.44,3.88),(2504,7,69,2,161,7,1,16),(2505,7,69,2,162,8,7.9,166.4),(2506,7,69,2,162,6,2.44,0.67),(2507,7,69,2,162,7,1,21),(2508,7,69,2,163,8,7.9,150.6),(2509,7,69,2,163,6,2.44,5.65),(2510,7,69,2,163,7,1,19),(2511,7,69,2,164,8,7.9,301.1),(2512,7,69,2,164,6,2.44,2.49),(2513,7,69,2,164,7,1,38),(2514,7,69,2,165,8,7.9,174.3),(2515,7,69,2,165,6,2.44,2.34),(2516,7,69,2,165,7,1,22),(2517,7,69,2,166,8,7.9,174.3),(2518,7,69,2,166,6,2.44,1.51),(2519,7,69,2,166,7,1,22),(2520,7,69,2,167,8,7.9,87.2),(2521,7,69,2,167,6,2.44,3.88),(2522,7,69,2,167,7,1,11),(2523,7,69,2,168,8,7.9,293.2),(2524,7,69,2,168,6,2.44,2.55),(2525,7,69,2,168,7,1,37),(2526,7,70,2,157,8,174.1,174.1),(2527,7,70,2,157,6,1.08,1.08),(2528,7,70,2,157,7,11,11),(2529,7,70,2,158,8,174.1,158.3),(2530,7,70,2,158,6,1.08,1.16),(2531,7,70,2,158,7,11,10),(2532,7,70,2,159,8,174.1,237.4),(2533,7,70,2,159,6,1.08,0.74),(2534,7,70,2,159,7,11,15),(2535,7,70,2,160,8,174.1,237.4),(2536,7,70,2,160,6,1.08,0.73),(2537,7,70,2,160,7,11,15),(2538,7,70,2,161,8,174.1,269.1),(2539,7,70,2,161,6,1.08,0.41),(2540,7,70,2,161,7,11,17),(2541,7,70,2,162,8,174.1,284.9),(2542,7,70,2,162,6,1.08,0.68),(2543,7,70,2,162,7,11,18),(2544,7,70,2,163,8,174.1,79.1),(2545,7,70,2,163,6,1.08,1.7),(2546,7,70,2,163,7,11,5),(2547,7,70,2,164,8,174.1,332.4),(2548,7,70,2,164,6,1.08,1.63),(2549,7,70,2,164,7,11,21),(2550,7,70,2,165,8,174.1,158.3),(2551,7,70,2,165,6,1.08,0.54),(2552,7,70,2,165,7,11,10),(2553,7,70,2,166,8,174.1,63.3),(2554,7,70,2,166,6,1.08,0.59),(2555,7,70,2,166,7,11,4),(2556,7,70,2,167,8,174.1,63.3),(2557,7,70,2,167,6,1.08,0.94),(2558,7,70,2,167,7,11,4),(2559,7,70,2,168,8,174.1,253.2),(2560,7,70,2,168,6,1.08,0.96),(2561,7,70,2,168,7,11,16),(2562,7,71,2,157,8,0,0),(2563,7,71,2,157,6,0.38,0.38),(2564,7,71,2,157,7,0,0),(2565,7,71,2,158,8,0,0),(2566,7,71,2,158,6,0.38,0.49),(2567,7,71,2,158,7,0,0),(2568,7,71,2,159,8,0,0),(2569,7,71,2,159,6,0.38,1.34),(2570,7,71,2,159,7,0,0),(2571,7,71,2,160,8,0,0),(2572,7,71,2,160,6,0.38,0.33),(2573,7,71,2,160,7,0,0),(2574,7,71,2,161,8,0,0),(2575,7,71,2,161,6,0.38,0.98),(2576,7,71,2,161,7,0,0),(2577,7,71,2,162,8,0,0),(2578,7,71,2,162,6,0.38,0.96),(2579,7,71,2,162,7,0,0),(2580,7,71,2,163,8,0,0),(2581,7,71,2,163,6,0.38,0.42),(2582,7,71,2,163,7,0,0),(2583,7,71,2,164,8,0,0),(2584,7,71,2,164,6,0.38,0.29),(2585,7,71,2,164,7,0,0),(2586,7,71,2,165,8,0,0),(2587,7,71,2,165,6,0.38,0.5),(2588,7,71,2,165,7,0,0),(2589,7,71,2,166,8,0,0),(2590,7,71,2,166,6,0.38,0.64),(2591,7,71,2,166,7,0,0),(2592,7,71,2,167,8,0,0),(2593,7,71,2,167,6,0.38,0.34),(2594,7,71,2,167,7,0,0),(2595,7,71,2,168,8,0,0),(2596,7,71,2,168,6,0.38,0.73),(2597,7,71,2,168,7,0,0),(2598,7,72,2,157,8,119.8,119.8),(2599,7,72,2,157,6,0.66,0.66),(2600,7,72,2,157,7,12,12),(2601,7,72,2,158,8,119.8,149.7),(2602,7,72,2,158,6,0.66,1.45),(2603,7,72,2,158,7,12,15),(2604,7,72,2,159,8,119.8,149.7),(2605,7,72,2,159,6,0.66,0.95),(2606,7,72,2,159,7,12,15),(2607,7,72,2,160,8,119.8,299.4),(2608,7,72,2,160,6,0.66,0.74),(2609,7,72,2,160,7,12,30),(2610,7,72,2,161,8,119.8,209.6),(2611,7,72,2,161,6,0.66,0.39),(2612,7,72,2,161,7,12,21),(2613,7,72,2,162,8,119.8,289.5),(2614,7,72,2,162,6,0.66,0.34),(2615,7,72,2,162,7,12,29),(2616,7,72,2,163,8,119.8,229.6),(2617,7,72,2,163,6,0.66,0.34),(2618,7,72,2,163,7,12,23),(2619,7,72,2,164,8,119.8,329.4),(2620,7,72,2,164,6,0.66,0.63),(2621,7,72,2,164,7,12,33),(2622,7,72,2,165,8,119.8,299.4),(2623,7,72,2,165,6,0.66,0.18),(2624,7,72,2,165,7,12,30),(2625,7,72,2,166,8,119.8,439.2),(2626,7,72,2,166,6,0.66,0.26),(2627,7,72,2,166,7,12,44),(2628,7,72,2,167,8,119.8,339.4),(2629,7,72,2,167,6,0.66,0.35),(2630,7,72,2,167,7,12,34),(2631,7,72,2,168,8,119.8,828.4),(2632,7,72,2,168,6,0.66,0.66),(2633,7,72,2,168,7,12,83),(2634,7,73,2,157,8,173.5,173.5),(2635,7,73,2,157,6,0.2,0.2),(2636,7,73,2,157,7,6,6),(2637,7,73,2,158,8,173.5,144.6),(2638,7,73,2,158,6,0.2,0.2),(2639,7,73,2,158,7,6,5),(2640,7,73,2,159,8,173.5,144.6),(2641,7,73,2,159,6,0.2,0.14),(2642,7,73,2,159,7,6,5),(2643,7,73,2,160,8,173.5,289.1),(2644,7,73,2,160,6,0.2,0.07),(2645,7,73,2,160,7,6,10),(2646,7,73,2,161,8,173.5,404.8),(2647,7,73,2,161,6,0.2,0.14),(2648,7,73,2,161,7,6,14),(2649,7,73,2,162,8,173.5,260.2),(2650,7,73,2,162,6,0.2,0.17),(2651,7,73,2,162,7,6,9),(2652,7,73,2,163,8,173.5,144.6),(2653,7,73,2,163,6,0.2,0.15),(2654,7,73,2,163,7,6,5),(2655,7,73,2,164,8,173.5,462.6),(2656,7,73,2,164,6,0.2,0.25),(2657,7,73,2,164,7,6,16),(2658,7,73,2,165,8,173.5,260.2),(2659,7,73,2,165,6,0.2,0.14),(2660,7,73,2,165,7,6,9),(2661,7,73,2,166,8,173.5,173.5),(2662,7,73,2,166,6,0.2,0.13),(2663,7,73,2,166,7,6,6),(2664,7,73,2,167,8,173.5,144.6),(2665,7,73,2,167,6,0.2,0.1),(2666,7,73,2,167,7,6,5),(2667,7,73,2,168,8,173.5,289.1),(2668,7,73,2,168,6,0.2,0.06),(2669,7,73,2,168,7,6,10),(2670,7,74,2,157,8,130.3,130.3),(2671,7,74,2,157,6,0.15,0.15),(2672,7,74,2,157,7,14,14),(2673,7,74,2,158,8,130.3,139.7),(2674,7,74,2,158,6,0.15,0.58),(2675,7,74,2,158,7,14,15),(2676,7,74,2,159,8,130.3,139.7),(2677,7,74,2,159,6,0.15,0.25),(2678,7,74,2,159,7,14,15),(2679,7,74,2,160,8,130.3,93.1),(2680,7,74,2,160,6,0.15,0.07),(2681,7,74,2,160,7,14,10),(2682,7,74,2,161,8,130.3,37.2),(2683,7,74,2,161,6,0.15,0.23),(2684,7,74,2,161,7,14,4),(2685,7,74,2,162,8,130.3,55.9),(2686,7,74,2,162,6,0.15,0.11),(2687,7,74,2,162,7,14,6),(2688,7,74,2,163,8,130.3,27.9),(2689,7,74,2,163,6,0.15,0.12),(2690,7,74,2,163,7,14,3),(2691,7,74,2,164,8,130.3,46.6),(2692,7,74,2,164,6,0.15,0.15),(2693,7,74,2,164,7,14,5),(2694,7,74,2,165,8,130.3,149),(2695,7,74,2,165,6,0.15,0.09),(2696,7,74,2,165,7,14,16),(2697,7,74,2,166,8,130.3,83.8),(2698,7,74,2,166,6,0.15,0.09),(2699,7,74,2,166,7,14,9),(2700,7,74,2,167,8,130.3,74.5),(2701,7,74,2,167,6,0.15,0.11),(2702,7,74,2,167,7,14,8),(2703,7,74,2,168,8,130.3,279.3),(2704,7,74,2,168,6,0.15,0.13),(2705,7,74,2,168,7,14,30),(2706,7,75,2,157,8,206.6,206.6),(2707,7,75,2,157,6,1.69,1.69),(2708,7,75,2,157,7,10,10),(2709,7,75,2,158,8,206.6,206.6),(2710,7,75,2,158,6,1.69,0.55),(2711,7,75,2,158,7,10,10),(2712,7,75,2,159,8,206.6,206.6),(2713,7,75,2,159,6,1.69,1.36),(2714,7,75,2,159,7,10,10),(2715,7,75,2,160,8,206.6,206.6),(2716,7,75,2,160,6,1.69,1.1),(2717,7,75,2,160,7,10,10),(2718,7,75,2,161,8,206.6,62),(2719,7,75,2,161,6,1.69,1.87),(2720,7,75,2,161,7,10,3),(2721,7,75,2,162,8,206.6,165.3),(2722,7,75,2,162,6,1.69,2.36),(2723,7,75,2,162,7,10,8),(2724,7,75,2,163,8,206.6,144.6),(2725,7,75,2,163,6,1.69,0.73),(2726,7,75,2,163,7,10,7),(2727,7,75,2,164,8,206.6,165.3),(2728,7,75,2,164,6,1.69,0.57),(2729,7,75,2,164,7,10,8),(2730,7,75,2,165,8,206.6,20.7),(2731,7,75,2,165,6,1.69,1.01),(2732,7,75,2,165,7,10,1),(2733,7,75,2,166,8,206.6,41.3),(2734,7,75,2,166,6,1.69,0.57),(2735,7,75,2,166,7,10,2),(2736,7,75,2,167,8,206.6,41.3),(2737,7,75,2,167,6,1.69,0.9),(2738,7,75,2,167,7,10,2),(2739,7,75,2,168,8,206.6,124),(2740,7,75,2,168,6,1.69,1.08),(2741,7,75,2,168,7,10,6),(2742,7,76,2,157,8,0,0),(2743,7,76,2,157,6,1.83,1.83),(2744,7,76,2,157,7,0,0),(2745,7,76,2,158,8,0,0),(2746,7,76,2,158,6,1.83,0.55),(2747,7,76,2,158,7,0,0),(2748,7,76,2,159,8,0,0),(2749,7,76,2,159,6,1.83,0.81),(2750,7,76,2,159,7,0,0),(2751,7,76,2,160,8,0,0),(2752,7,76,2,160,6,1.83,0.7),(2753,7,76,2,160,7,0,0),(2754,7,76,2,161,8,0,0),(2755,7,76,2,161,6,1.83,0.7),(2756,7,76,2,161,7,0,0),(2757,7,76,2,162,8,0,0),(2758,7,76,2,162,6,1.83,2.04),(2759,7,76,2,162,7,0,0),(2760,7,76,2,163,8,0,0),(2761,7,76,2,163,6,1.83,2.41),(2762,7,76,2,163,7,0,0),(2763,7,76,2,164,8,0,0),(2764,7,76,2,164,6,1.83,1.91),(2765,7,76,2,164,7,0,0),(2766,7,76,2,165,8,0,0),(2767,7,76,2,165,6,1.83,1.07),(2768,7,76,2,165,7,0,0),(2769,7,76,2,166,8,0,0),(2770,7,76,2,166,6,1.83,1.5),(2771,7,76,2,166,7,0,0),(2772,7,76,2,167,8,0,0),(2773,7,76,2,167,6,1.83,0.4),(2774,7,76,2,167,7,0,0),(2775,7,76,2,168,8,0,0),(2776,7,76,2,168,6,1.83,0.87),(2777,7,76,2,168,7,0,0),(2778,7,77,2,157,8,35.4,35.4),(2779,7,77,2,157,6,2.66,2.66),(2780,7,77,2,157,7,2,2),(2781,7,77,2,158,8,35.4,53.1),(2782,7,77,2,158,6,2.66,1.69),(2783,7,77,2,158,7,2,3),(2784,7,77,2,159,8,35.4,53.1),(2785,7,77,2,159,6,2.66,2.01),(2786,7,77,2,159,7,2,3),(2787,7,77,2,160,8,35.4,53.1),(2788,7,77,2,160,6,2.66,2.91),(2789,7,77,2,160,7,2,3),(2790,7,77,2,161,8,35.4,177.1),(2791,7,77,2,161,6,2.66,0.75),(2792,7,77,2,161,7,2,10),(2793,7,77,2,162,8,35.4,247.9),(2794,7,77,2,162,6,2.66,0.88),(2795,7,77,2,162,7,2,14),(2796,7,77,2,163,8,35.4,230.2),(2797,7,77,2,163,6,2.66,4.14),(2798,7,77,2,163,7,2,13),(2799,7,77,2,164,8,35.4,283.3),(2800,7,77,2,164,6,2.66,2.86),(2801,7,77,2,164,7,2,16),(2802,7,77,2,165,8,35.4,88.5),(2803,7,77,2,165,6,2.66,1.26),(2804,7,77,2,165,7,2,5),(2805,7,77,2,166,8,35.4,124),(2806,7,77,2,166,6,2.66,1.02),(2807,7,77,2,166,7,2,7),(2808,7,77,2,167,8,35.4,106.2),(2809,7,77,2,167,6,2.66,1.1),(2810,7,77,2,167,7,2,6),(2811,7,77,2,168,8,35.4,318.7),(2812,7,77,2,168,6,2.66,0.61),(2813,7,77,2,168,7,2,18),(2814,7,78,2,157,8,9.4,9.4),(2815,7,78,2,157,6,1.02,1.02),(2816,7,78,2,157,7,1,1),(2817,7,78,2,158,8,9.4,0),(2818,7,78,2,158,6,1.02,1.24),(2819,7,78,2,158,7,1,0),(2820,7,78,2,159,8,9.4,9.4),(2821,7,78,2,159,6,1.02,1.58),(2822,7,78,2,159,7,1,1),(2823,7,78,2,160,8,9.4,18.7),(2824,7,78,2,160,6,1.02,0.69),(2825,7,78,2,160,7,1,2),(2826,7,78,2,161,8,9.4,149.6),(2827,7,78,2,161,6,1.02,1.16),(2828,7,78,2,161,7,1,16),(2829,7,78,2,162,8,9.4,233.8),(2830,7,78,2,162,6,1.02,3.63),(2831,7,78,2,162,7,1,25),(2832,7,78,2,163,8,9.4,159),(2833,7,78,2,163,6,1.02,0.63),(2834,7,78,2,163,7,1,17),(2835,7,78,2,164,8,9.4,318),(2836,7,78,2,164,6,1.02,0.77),(2837,7,78,2,164,7,1,34),(2838,7,78,2,165,8,9.4,346),(2839,7,78,2,165,6,1.02,1.31),(2840,7,78,2,165,7,1,37),(2841,7,78,2,166,8,9.4,420.8),(2842,7,78,2,166,6,1.02,0.55),(2843,7,78,2,166,7,1,45),(2844,7,78,2,167,8,9.4,439.6),(2845,7,78,2,167,6,1.02,1.37),(2846,7,78,2,167,7,1,47),(2847,7,78,2,168,8,9.4,523.7),(2848,7,78,2,168,6,1.02,1.47),(2849,7,78,2,168,7,1,56),(2850,7,79,2,157,8,0,0),(2851,7,79,2,157,6,2.01,2.01),(2852,7,79,2,157,7,0,0),(2853,7,79,2,158,8,0,0),(2854,7,79,2,158,6,2.01,0.82),(2855,7,79,2,158,7,0,0),(2856,7,79,2,159,8,0,0),(2857,7,79,2,159,6,2.01,0.27),(2858,7,79,2,159,7,0,0),(2859,7,79,2,160,8,0,0),(2860,7,79,2,160,6,2.01,0.28),(2861,7,79,2,160,7,0,0),(2862,7,79,2,161,8,0,187.4),(2863,7,79,2,161,6,2.01,0.53),(2864,7,79,2,161,7,0,2),(2865,7,79,2,162,8,0,187.4),(2866,7,79,2,162,6,2.01,0.46),(2867,7,79,2,162,7,0,2),(2868,7,79,2,163,8,0,0),(2869,7,79,2,163,6,2.01,1.38),(2870,7,79,2,163,7,0,0),(2871,7,79,2,164,8,0,281.1),(2872,7,79,2,164,6,2.01,0.44),(2873,7,79,2,164,7,0,3),(2874,7,79,2,165,8,0,93.7),(2875,7,79,2,165,6,2.01,1.06),(2876,7,79,2,165,7,0,1),(2877,7,79,2,166,8,0,281.1),(2878,7,79,2,166,6,2.01,0.46),(2879,7,79,2,166,7,0,3),(2880,7,79,2,167,8,0,187.4),(2881,7,79,2,167,6,2.01,0.31),(2882,7,79,2,167,7,0,2),(2883,7,79,2,168,8,0,374.8),(2884,7,79,2,168,6,2.01,0.68),(2885,7,79,2,168,7,0,4),(2886,7,80,2,157,8,46.7,46.7),(2887,7,80,2,157,6,0.73,0.73),(2888,7,80,2,157,7,2,2),(2889,7,80,2,158,8,46.7,46.7),(2890,7,80,2,158,6,0.73,0.1),(2891,7,80,2,158,7,2,2),(2892,7,80,2,159,8,46.7,46.7),(2893,7,80,2,159,6,0.73,0.43),(2894,7,80,2,159,7,2,2),(2895,7,80,2,160,8,46.7,70.1),(2896,7,80,2,160,6,0.73,0.18),(2897,7,80,2,160,7,2,3),(2898,7,80,2,161,8,46.7,140.1),(2899,7,80,2,161,6,0.73,0.56),(2900,7,80,2,161,7,2,6),(2901,7,80,2,162,8,46.7,140.1),(2902,7,80,2,162,6,0.73,0.4),(2903,7,80,2,162,7,2,6),(2904,7,80,2,163,8,46.7,163.5),(2905,7,80,2,163,6,0.73,0.28),(2906,7,80,2,163,7,2,7),(2907,7,80,2,164,8,46.7,280.3),(2908,7,80,2,164,6,0.73,0.39),(2909,7,80,2,164,7,2,12),(2910,7,80,2,165,8,46.7,256.9),(2911,7,80,2,165,6,0.73,0.2),(2912,7,80,2,165,7,2,11),(2913,7,80,2,166,8,46.7,350.3),(2914,7,80,2,166,6,0.73,0.2),(2915,7,80,2,166,7,2,15),(2916,7,80,2,167,8,46.7,140.1),(2917,7,80,2,167,6,0.73,0.15),(2918,7,80,2,167,7,2,6),(2919,7,80,2,168,8,46.7,256.9),(2920,7,80,2,168,6,0.73,0.28),(2921,7,80,2,168,7,2,11),(2922,7,81,2,157,8,18.1,18.1),(2923,7,81,2,157,6,0.13,0.13),(2924,7,81,2,157,7,1,1),(2925,7,81,2,158,8,18.1,18.1),(2926,7,81,2,158,6,0.13,0.12),(2927,7,81,2,158,7,1,1),(2928,7,81,2,159,8,18.1,36.2),(2929,7,81,2,159,6,0.13,0.2),(2930,7,81,2,159,7,1,2),(2931,7,81,2,160,8,18.1,54.3),(2932,7,81,2,160,6,0.13,0.39),(2933,7,81,2,160,7,1,3),(2934,7,81,2,161,8,18.1,289.7),(2935,7,81,2,161,6,0.13,0.12),(2936,7,81,2,161,7,1,16),(2937,7,81,2,162,8,18.1,235.4),(2938,7,81,2,162,6,0.13,0.11),(2939,7,81,2,162,7,1,13),(2940,7,81,2,163,8,18.1,199.2),(2941,7,81,2,163,6,0.13,0.21),(2942,7,81,2,163,7,1,11),(2943,7,81,2,164,8,18.1,506.9),(2944,7,81,2,164,6,0.13,0.26),(2945,7,81,2,164,7,1,28),(2946,7,81,2,165,8,18.1,162.9),(2947,7,81,2,165,6,0.13,0.15),(2948,7,81,2,165,7,1,9),(2949,7,81,2,166,8,18.1,253.5),(2950,7,81,2,166,6,0.13,0.24),(2951,7,81,2,166,7,1,14),(2952,7,81,2,167,8,18.1,54.3),(2953,7,81,2,167,6,0.13,0.19),(2954,7,81,2,167,7,1,3),(2955,7,81,2,168,8,18.1,235.4),(2956,7,81,2,168,6,0.13,0.35),(2957,7,81,2,168,7,1,13),(2958,7,82,2,157,8,81.6,81.6),(2959,7,82,2,157,6,0.27,0.27),(2960,7,82,2,157,7,10,10),(2961,7,82,2,158,8,81.6,122.4),(2962,7,82,2,158,6,0.27,0.7),(2963,7,82,2,158,7,10,15),(2964,7,82,2,159,8,81.6,122.4),(2965,7,82,2,159,6,0.27,0.55),(2966,7,82,2,159,7,10,15),(2967,7,82,2,160,8,81.6,138.7),(2968,7,82,2,160,6,0.27,0.89),(2969,7,82,2,160,7,10,17),(2970,7,82,2,161,8,81.6,358.9),(2971,7,82,2,161,6,0.27,0.3),(2972,7,82,2,161,7,10,44),(2973,7,82,2,162,8,81.6,252.9),(2974,7,82,2,162,6,0.27,0.61),(2975,7,82,2,162,7,10,31),(2976,7,82,2,163,8,81.6,277.4),(2977,7,82,2,163,6,0.27,0.4),(2978,7,82,2,163,7,10,34),(2979,7,82,2,164,8,81.6,513.9),(2980,7,82,2,164,6,0.27,0.69),(2981,7,82,2,164,7,10,63),(2982,7,82,2,165,8,81.6,106),(2983,7,82,2,165,6,0.27,0.98),(2984,7,82,2,165,7,10,13),(2985,7,82,2,166,8,81.6,73.4),(2986,7,82,2,166,6,0.27,0.47),(2987,7,82,2,166,7,10,9),(2988,7,82,2,167,8,81.6,73.4),(2989,7,82,2,167,6,0.27,0.26),(2990,7,82,2,167,7,10,9),(2991,7,82,2,168,8,81.6,236.6),(2992,7,82,2,168,6,0.27,0.48),(2993,7,82,2,168,7,10,29),(2994,7,83,2,157,8,235.9,235.9),(2995,7,83,2,157,6,0.76,0.76),(2996,7,83,2,157,7,5,5),(2997,7,83,2,158,8,235.9,235.9),(2998,7,83,2,158,6,0.76,0.83),(2999,7,83,2,158,7,5,5),(3000,7,83,2,159,8,235.9,235.9),(3001,7,83,2,159,6,0.76,2.43),(3002,7,83,2,159,7,5,5),(3003,7,83,2,160,8,235.9,471.8),(3004,7,83,2,160,6,0.76,0.87),(3005,7,83,2,160,7,5,10),(3006,7,83,2,161,8,235.9,47.2),(3007,7,83,2,161,6,0.76,1.09),(3008,7,83,2,161,7,5,1),(3009,7,83,2,162,8,235.9,0),(3010,7,83,2,162,6,0.76,1.58),(3011,7,83,2,162,7,5,0),(3012,7,83,2,163,8,235.9,0),(3013,7,83,2,163,6,0.76,1.97),(3014,7,83,2,163,7,5,0),(3015,7,83,2,164,8,235.9,94.4),(3016,7,83,2,164,6,0.76,0.47),(3017,7,83,2,164,7,5,2),(3018,7,83,2,165,8,235.9,235.9),(3019,7,83,2,165,6,0.76,0.61),(3020,7,83,2,165,7,5,5),(3021,7,83,2,166,8,235.9,141.5),(3022,7,83,2,166,6,0.76,0.5),(3023,7,83,2,166,7,5,3),(3024,7,83,2,167,8,235.9,94.4),(3025,7,83,2,167,6,0.76,0.69),(3026,7,83,2,167,7,5,2),(3027,7,83,2,168,8,235.9,283.1),(3028,7,83,2,168,6,0.76,1.19),(3029,7,83,2,168,7,5,6),(3030,7,84,2,157,8,0,0),(3031,7,84,2,157,6,1.52,1.52),(3032,7,84,2,157,7,0,0),(3033,7,84,2,158,8,0,0),(3034,7,84,2,158,6,1.52,0.63),(3035,7,84,2,158,7,0,0),(3036,7,84,2,159,8,0,0),(3037,7,84,2,159,6,1.52,1.35),(3038,7,84,2,159,7,0,0),(3039,7,84,2,160,8,0,0),(3040,7,84,2,160,6,1.52,1.1),(3041,7,84,2,160,7,0,0),(3042,7,84,2,161,8,0,0),(3043,7,84,2,161,6,1.52,1.02),(3044,7,84,2,161,7,0,0),(3045,7,84,2,162,8,0,0),(3046,7,84,2,162,6,1.52,1.02),(3047,7,84,2,162,7,0,0),(3048,7,84,2,163,8,0,0),(3049,7,84,2,163,6,1.52,0.85),(3050,7,84,2,163,7,0,0),(3051,7,84,2,164,8,0,0),(3052,7,84,2,164,6,1.52,0.44),(3053,7,84,2,164,7,0,0),(3054,7,84,2,165,8,0,0),(3055,7,84,2,165,6,1.52,0.89),(3056,7,84,2,165,7,0,0),(3057,7,84,2,166,8,0,0),(3058,7,84,2,166,6,1.52,0.57),(3059,7,84,2,166,7,0,0),(3060,7,84,2,167,8,0,0),(3061,7,84,2,167,6,1.52,1.17),(3062,7,84,2,167,7,0,0),(3063,7,84,2,168,8,0,0),(3064,7,84,2,168,6,1.52,0.55),(3065,7,84,2,168,7,0,0),(3066,7,85,2,157,8,80.4,80.4),(3067,7,85,2,157,6,1.27,1.27),(3068,7,85,2,157,7,5,5),(3069,7,85,2,158,8,80.4,80.4),(3070,7,85,2,158,6,1.27,1.2),(3071,7,85,2,158,7,5,5),(3072,7,85,2,159,8,80.4,80.4),(3073,7,85,2,159,6,1.27,0.61),(3074,7,85,2,159,7,5,5),(3075,7,85,2,160,8,80.4,80.4),(3076,7,85,2,160,6,1.27,2.23),(3077,7,85,2,160,7,5,5),(3078,7,85,2,161,8,80.4,96.4),(3079,7,85,2,161,6,1.27,0.57),(3080,7,85,2,161,7,5,6),(3081,7,85,2,162,8,80.4,112.5),(3082,7,85,2,162,6,1.27,0.44),(3083,7,85,2,162,7,5,7),(3084,7,85,2,163,8,80.4,32.1),(3085,7,85,2,163,6,1.27,1.64),(3086,7,85,2,163,7,5,2),(3087,7,85,2,164,8,80.4,112.5),(3088,7,85,2,164,6,1.27,1.1),(3089,7,85,2,164,7,5,7),(3090,7,85,2,165,8,80.4,144.6),(3091,7,85,2,165,6,1.27,1.42),(3092,7,85,2,165,7,5,9),(3093,7,85,2,166,8,80.4,64.3),(3094,7,85,2,166,6,1.27,2.77),(3095,7,85,2,166,7,5,4),(3096,7,85,2,167,8,80.4,64.3),(3097,7,85,2,167,6,1.27,1.98),(3098,7,85,2,167,7,5,4),(3099,7,85,2,168,8,80.4,160.7),(3100,7,85,2,168,6,1.27,0.84),(3101,7,85,2,168,7,5,10),(3102,7,86,2,157,8,0,0),(3103,7,86,2,157,6,4.75,4.75),(3104,7,86,2,157,7,0,0),(3105,7,86,2,158,8,0,0),(3106,7,86,2,158,6,4.75,2.46),(3107,7,86,2,158,7,0,0),(3108,7,86,2,159,8,0,0),(3109,7,86,2,159,6,4.75,2.34),(3110,7,86,2,159,7,0,0),(3111,7,86,2,160,8,0,0),(3112,7,86,2,160,6,4.75,1.04),(3113,7,86,2,160,7,0,0),(3114,7,86,2,161,8,0,0),(3115,7,86,2,161,6,4.75,1.23),(3116,7,86,2,161,7,0,0),(3117,7,86,2,162,8,0,0),(3118,7,86,2,162,6,4.75,2.32),(3119,7,86,2,162,7,0,0),(3120,7,86,2,163,8,0,0),(3121,7,86,2,163,6,4.75,1.73),(3122,7,86,2,163,7,0,0),(3123,7,86,2,164,8,0,0),(3124,7,86,2,164,6,4.75,1.18),(3125,7,86,2,164,7,0,0),(3126,7,86,2,165,8,0,191),(3127,7,86,2,165,6,4.75,3.05),(3128,7,86,2,165,7,0,29),(3129,7,86,2,166,8,0,92.2),(3130,7,86,2,166,6,4.75,2.68),(3131,7,86,2,166,7,0,14),(3132,7,86,2,167,8,0,171.3),(3133,7,86,2,167,6,4.75,4.2),(3134,7,86,2,167,7,0,26),(3135,7,86,2,168,8,0,204.2),(3136,7,86,2,168,6,4.75,1.49),(3137,7,86,2,168,7,0,31),(3138,7,87,2,157,8,134.8,134.8),(3139,7,87,2,157,6,1.4,1.4),(3140,7,87,2,157,7,10,10),(3141,7,87,2,158,8,134.8,202.1),(3142,7,87,2,158,6,1.4,3.29),(3143,7,87,2,158,7,10,15),(3144,7,87,2,159,8,134.8,202.1),(3145,7,87,2,159,6,1.4,1.11),(3146,7,87,2,159,7,10,15),(3147,7,87,2,160,8,134.8,269.5),(3148,7,87,2,160,6,1.4,1.15),(3149,7,87,2,160,7,10,20),(3150,7,87,2,161,8,134.8,53.9),(3151,7,87,2,161,6,1.4,1.3),(3152,7,87,2,161,7,10,4),(3153,7,87,2,162,8,134.8,27),(3154,7,87,2,162,6,1.4,1.78),(3155,7,87,2,162,7,10,2),(3156,7,87,2,163,8,134.8,27),(3157,7,87,2,163,6,1.4,0.98),(3158,7,87,2,163,7,10,2),(3159,7,87,2,164,8,134.8,148.2),(3160,7,87,2,164,6,1.4,3.75),(3161,7,87,2,164,7,10,11),(3162,7,87,2,165,8,134.8,134.8),(3163,7,87,2,165,6,1.4,1.47),(3164,7,87,2,165,7,10,10),(3165,7,87,2,166,8,134.8,188.7),(3166,7,87,2,166,6,1.4,0.86),(3167,7,87,2,166,7,10,14),(3168,7,87,2,167,8,134.8,67.4),(3169,7,87,2,167,6,1.4,2.23),(3170,7,87,2,167,7,10,5),(3171,7,87,2,168,8,134.8,336.9),(3172,7,87,2,168,6,1.4,1.48),(3173,7,87,2,168,7,10,25),(3174,7,88,2,157,8,0,0),(3175,7,88,2,157,6,1.06,1.06),(3176,7,88,2,157,7,0,0),(3177,7,88,2,158,8,0,0),(3178,7,88,2,158,6,1.06,1.94),(3179,7,88,2,158,7,0,0),(3180,7,88,2,159,8,0,0),(3181,7,88,2,159,6,1.06,0.76),(3182,7,88,2,159,7,0,0),(3183,7,88,2,160,8,0,0),(3184,7,88,2,160,6,1.06,0.89),(3185,7,88,2,160,7,0,0),(3186,7,88,2,161,8,0,329.1),(3187,7,88,2,161,6,1.06,1.47),(3188,7,88,2,161,7,0,25),(3189,7,88,2,162,8,0,263.3),(3190,7,88,2,162,6,1.06,3.58),(3191,7,88,2,162,7,0,20),(3192,7,88,2,163,8,0,250.1),(3193,7,88,2,163,6,1.06,1.66),(3194,7,88,2,163,7,0,19),(3195,7,88,2,164,8,0,329.1),(3196,7,88,2,164,6,1.06,1.11),(3197,7,88,2,164,7,0,25),(3198,7,88,2,165,8,0,223.8),(3199,7,88,2,165,6,1.06,0.79),(3200,7,88,2,165,7,0,17),(3201,7,88,2,166,8,0,236.9),(3202,7,88,2,166,6,1.06,1.21),(3203,7,88,2,166,7,0,18),(3204,7,88,2,167,8,0,92.1),(3205,7,88,2,167,6,1.06,1.7),(3206,7,88,2,167,7,0,7),(3207,7,88,2,168,8,0,158),(3208,7,88,2,168,6,1.06,0.74),(3209,7,88,2,168,7,0,12),(3210,7,89,2,157,8,373.6,373.6),(3211,7,89,2,157,6,2.39,2.39),(3212,7,89,2,157,7,12,12),(3213,7,89,2,158,8,373.6,373.6),(3214,7,89,2,158,6,2.39,0.96),(3215,7,89,2,158,7,12,12),(3216,7,89,2,159,8,373.6,373.6),(3217,7,89,2,159,6,2.39,2.69),(3218,7,89,2,159,7,12,12),(3219,7,89,2,160,8,373.6,373.6),(3220,7,89,2,160,6,2.39,1.22),(3221,7,89,2,160,7,12,12),(3222,7,89,2,161,8,373.6,0),(3223,7,89,2,161,6,2.39,2.17),(3224,7,89,2,161,7,12,0),(3225,7,89,2,162,8,373.6,0),(3226,7,89,2,162,6,2.39,1.07),(3227,7,89,2,162,7,12,0),(3228,7,89,2,163,8,373.6,0),(3229,7,89,2,163,6,2.39,2.47),(3230,7,89,2,163,7,12,0),(3231,7,89,2,164,8,373.6,0),(3232,7,89,2,164,6,2.39,1.73),(3233,7,89,2,164,7,12,0),(3234,7,89,2,165,8,373.6,560.3),(3235,7,89,2,165,6,2.39,1.89),(3236,7,89,2,165,7,12,18),(3237,7,89,2,166,8,373.6,342.4),(3238,7,89,2,166,6,2.39,1.65),(3239,7,89,2,166,7,12,11),(3240,7,89,2,167,8,373.6,871.6),(3241,7,89,2,167,6,2.39,3.76),(3242,7,89,2,167,7,12,28),(3243,7,89,2,168,8,373.6,933.9),(3244,7,89,2,168,6,2.39,1.31),(3245,7,89,2,168,7,12,30),(3246,7,90,2,157,8,286.6,286.6),(3247,7,90,2,157,6,2.3,2.3),(3248,7,90,2,157,7,16,16),(3249,7,90,2,158,8,286.6,268.6),(3250,7,90,2,158,6,2.3,1.74),(3251,7,90,2,158,7,16,15),(3252,7,90,2,159,8,286.6,268.6),(3253,7,90,2,159,6,2.3,1.26),(3254,7,90,2,159,7,16,15),(3255,7,90,2,160,8,286.6,358.2),(3256,7,90,2,160,6,2.3,0.68),(3257,7,90,2,160,7,16,20),(3258,7,90,2,161,8,286.6,89.5),(3259,7,90,2,161,6,2.3,0.82),(3260,7,90,2,161,7,16,5),(3261,7,90,2,162,8,286.6,197),(3262,7,90,2,162,6,2.3,0.57),(3263,7,90,2,162,7,16,11),(3264,7,90,2,163,8,286.6,89.5),(3265,7,90,2,163,6,2.3,2.26),(3266,7,90,2,163,7,16,5),(3267,7,90,2,164,8,286.6,161.2),(3268,7,90,2,164,6,2.3,1.71),(3269,7,90,2,164,7,16,9),(3270,7,90,2,165,8,286.6,107.5),(3271,7,90,2,165,6,2.3,2.68),(3272,7,90,2,165,7,16,6),(3273,7,90,2,166,8,286.6,89.5),(3274,7,90,2,166,6,2.3,0.9),(3275,7,90,2,166,7,16,5),(3276,7,90,2,167,8,286.6,17.9),(3277,7,90,2,167,6,2.3,0.94),(3278,7,90,2,167,7,16,1),(3279,7,90,2,168,8,286.6,143.3),(3280,7,90,2,168,6,2.3,1.27),(3281,7,90,2,168,7,16,8),(3282,7,91,2,157,8,0,0),(3283,7,91,2,157,6,0.55,0.55),(3284,7,91,2,157,7,0,0),(3285,7,91,2,158,8,0,0),(3286,7,91,2,158,6,0.55,0.23),(3287,7,91,2,158,7,0,0),(3288,7,91,2,159,8,0,0),(3289,7,91,2,159,6,0.55,0.38),(3290,7,91,2,159,7,0,0),(3291,7,91,2,160,8,0,0),(3292,7,91,2,160,6,0.55,0.41),(3293,7,91,2,160,7,0,0),(3294,7,91,2,161,8,0,78.4),(3295,7,91,2,161,6,0.55,0.72),(3296,7,91,2,161,7,0,2),(3297,7,91,2,162,8,0,78.4),(3298,7,91,2,162,6,0.55,0.37),(3299,7,91,2,162,7,0,2),(3300,7,91,2,163,8,0,78.4),(3301,7,91,2,163,6,0.55,0.35),(3302,7,91,2,163,7,0,2),(3303,7,91,2,164,8,0,235.1),(3304,7,91,2,164,6,0.55,0.21),(3305,7,91,2,164,7,0,6),(3306,7,91,2,165,8,0,0),(3307,7,91,2,165,6,0.55,0.42),(3308,7,91,2,165,7,0,0),(3309,7,91,2,166,8,0,0),(3310,7,91,2,166,6,0.55,0.45),(3311,7,91,2,166,7,0,0),(3312,7,91,2,167,8,0,0),(3313,7,91,2,167,6,0.55,0.78),(3314,7,91,2,167,7,0,0),(3315,7,91,2,168,8,0,0),(3316,7,91,2,168,6,0.55,0.59),(3317,7,91,2,168,7,0,0),(3318,7,92,2,157,8,43.3,43.3),(3319,7,92,2,157,6,0.64,0.64),(3320,7,92,2,157,7,1,1),(3321,7,92,2,158,8,43.3,43.3),(3322,7,92,2,158,6,0.64,1.75),(3323,7,92,2,158,7,1,1),(3324,7,92,2,159,8,43.3,43.3),(3325,7,92,2,159,6,0.64,0.57),(3326,7,92,2,159,7,1,1),(3327,7,92,2,160,8,43.3,86.7),(3328,7,92,2,160,6,0.64,0.53),(3329,7,92,2,160,7,1,2),(3330,7,92,2,161,8,43.3,0),(3331,7,92,2,161,6,0.64,0.22),(3332,7,92,2,161,7,1,0),(3333,7,92,2,162,8,43.3,43.3),(3334,7,92,2,162,6,0.64,0.5),(3335,7,92,2,162,7,1,1),(3336,7,92,2,163,8,43.3,0),(3337,7,92,2,163,6,0.64,0.25),(3338,7,92,2,163,7,1,0),(3339,7,92,2,164,8,43.3,130),(3340,7,92,2,164,6,0.64,1.24),(3341,7,92,2,164,7,1,3),(3342,7,92,2,165,8,43.3,130),(3343,7,92,2,165,6,0.64,0.3),(3344,7,92,2,165,7,1,3),(3345,7,92,2,166,8,43.3,86.7),(3346,7,92,2,166,6,0.64,0.63),(3347,7,92,2,166,7,1,2),(3348,7,92,2,167,8,43.3,43.3),(3349,7,92,2,167,6,0.64,0.23),(3350,7,92,2,167,7,1,1),(3351,7,92,2,168,8,43.3,173.3),(3352,7,92,2,168,6,0.64,0.35),(3353,7,92,2,168,7,1,4),(3354,7,93,2,157,8,118.2,118.2),(3355,7,93,2,157,6,0.78,0.78),(3356,7,93,2,157,7,4,4),(3357,7,93,2,158,8,118.2,147.8),(3358,7,93,2,158,6,0.78,0.81),(3359,7,93,2,158,7,4,5),(3360,7,93,2,159,8,118.2,147.8),(3361,7,93,2,159,6,0.78,0.96),(3362,7,93,2,159,7,4,5),(3363,7,93,2,160,8,118.2,147.8),(3364,7,93,2,160,6,0.78,1.28),(3365,7,93,2,160,7,4,5),(3366,7,93,2,161,8,118.2,29.6),(3367,7,93,2,161,6,0.78,0.71),(3368,7,93,2,161,7,4,1),(3369,7,93,2,162,8,118.2,29.6),(3370,7,93,2,162,6,0.78,0.5),(3371,7,93,2,162,7,4,1),(3372,7,93,2,163,8,118.2,59.1),(3373,7,93,2,163,6,0.78,1.13),(3374,7,93,2,163,7,4,2),(3375,7,93,2,164,8,118.2,88.7),(3376,7,93,2,164,6,0.78,0.44),(3377,7,93,2,164,7,4,3),(3378,7,93,2,165,8,118.2,118.2),(3379,7,93,2,165,6,0.78,0.29),(3380,7,93,2,165,7,4,4),(3381,7,93,2,166,8,118.2,384.2),(3382,7,93,2,166,6,0.78,0.53),(3383,7,93,2,166,7,4,13),(3384,7,93,2,167,8,118.2,177.3),(3385,7,93,2,167,6,0.78,0.42),(3386,7,93,2,167,7,4,6),(3387,7,93,2,168,8,118.2,295.5),(3388,7,93,2,168,6,0.78,0.67),(3389,7,93,2,168,7,4,10),(3390,7,94,2,157,8,171.7,171.7),(3391,7,94,2,157,6,0.36,0.36),(3392,7,94,2,157,7,30,30),(3393,7,94,2,158,8,171.7,229),(3394,7,94,2,158,6,0.36,1.34),(3395,7,94,2,158,7,30,40),(3396,7,94,2,159,8,171.7,229),(3397,7,94,2,159,6,0.36,1.79),(3398,7,94,2,159,7,30,40),(3399,7,94,2,160,8,171.7,257.6),(3400,7,94,2,160,6,0.36,0.49),(3401,7,94,2,160,7,30,45),(3402,7,94,2,161,8,171.7,749.9),(3403,7,94,2,161,6,0.36,0.91),(3404,7,94,2,161,7,30,131),(3405,7,94,2,162,8,171.7,669.8),(3406,7,94,2,162,6,0.36,1.83),(3407,7,94,2,162,7,30,117),(3408,7,94,2,163,8,171.7,120.2),(3409,7,94,2,163,6,0.36,1.04),(3410,7,94,2,163,7,30,21),(3411,7,94,2,164,8,171.7,572.4),(3412,7,94,2,164,6,0.36,0.85),(3413,7,94,2,164,7,30,100),(3414,7,94,2,165,8,171.7,383.5),(3415,7,94,2,165,6,0.36,1.47),(3416,7,94,2,165,7,30,67),(3417,7,94,2,166,8,171.7,366.4),(3418,7,94,2,166,6,0.36,0.51),(3419,7,94,2,166,7,30,64),(3420,7,94,2,167,8,171.7,372.1),(3421,7,94,2,167,6,0.36,0.32),(3422,7,94,2,167,7,30,65),(3423,7,94,2,168,8,171.7,561),(3424,7,94,2,168,6,0.36,1.78),(3425,7,94,2,168,7,30,98),(3426,7,95,2,157,8,0,0),(3427,7,95,2,157,6,1.08,1.08),(3428,7,95,2,157,7,0,0),(3429,7,95,2,158,8,0,0),(3430,7,95,2,158,6,1.08,1.46),(3431,7,95,2,158,7,0,0),(3432,7,95,2,159,8,0,0),(3433,7,95,2,159,6,1.08,1.04),(3434,7,95,2,159,7,0,0),(3435,7,95,2,160,8,0,0),(3436,7,95,2,160,6,1.08,2.65),(3437,7,95,2,160,7,0,0),(3438,7,95,2,161,8,0,0),(3439,7,95,2,161,6,1.08,1.08),(3440,7,95,2,161,7,0,0),(3441,7,95,2,162,8,0,0),(3442,7,95,2,162,6,1.08,0.62),(3443,7,95,2,162,7,0,0),(3444,7,95,2,163,8,0,0),(3445,7,95,2,163,6,1.08,1.18),(3446,7,95,2,163,7,0,0),(3447,7,95,2,164,8,0,0),(3448,7,95,2,164,6,1.08,0.68),(3449,7,95,2,164,7,0,0),(3450,7,95,2,165,8,0,0),(3451,7,95,2,165,6,1.08,3.51),(3452,7,95,2,165,7,0,0),(3453,7,95,2,166,8,0,0),(3454,7,95,2,166,6,1.08,1.07),(3455,7,95,2,166,7,0,0),(3456,7,95,2,167,8,0,0),(3457,7,95,2,167,6,1.08,2.45),(3458,7,95,2,167,7,0,0),(3459,7,95,2,168,8,0,0),(3460,7,95,2,168,6,1.08,1.13),(3461,7,95,2,168,7,0,0),(3462,7,96,2,157,8,86.5,86.5),(3463,7,96,2,157,6,0.85,0.85),(3464,7,96,2,157,7,7,7),(3465,7,96,2,158,8,86.5,86.5),(3466,7,96,2,158,6,0.85,2.2),(3467,7,96,2,158,7,7,7),(3468,7,96,2,159,8,86.5,86.5),(3469,7,96,2,159,6,0.85,2.29),(3470,7,96,2,159,7,7,7),(3471,7,96,2,160,8,86.5,98.8),(3472,7,96,2,160,6,0.85,6.13),(3473,7,96,2,160,7,7,8),(3474,7,96,2,161,8,86.5,654.6),(3475,7,96,2,161,6,0.85,4.36),(3476,7,96,2,161,7,7,53),(3477,7,96,2,162,8,86.5,617.6),(3478,7,96,2,162,6,0.85,0.93),(3479,7,96,2,162,7,7,50),(3480,7,96,2,163,8,86.5,901.7),(3481,7,96,2,163,6,0.85,0.89),(3482,7,96,2,163,7,7,73),(3483,7,96,2,164,8,86.5,1210.4),(3484,7,96,2,164,6,0.85,2.73),(3485,7,96,2,164,7,7,98),(3486,7,96,2,165,8,86.5,1025.2),(3487,7,96,2,165,6,0.85,1.78),(3488,7,96,2,165,7,7,83),(3489,7,96,2,166,8,86.5,1173.4),(3490,7,96,2,166,6,0.85,1.35),(3491,7,96,2,166,7,7,95),(3492,7,96,2,167,8,86.5,654.6),(3493,7,96,2,167,6,0.85,1.75),(3494,7,96,2,167,7,7,53),(3495,7,96,2,168,8,86.5,1062.2),(3496,7,96,2,168,6,0.85,1.16),(3497,7,96,2,168,7,7,86),(3498,6,49,2,157,8,20.3,20.3),(3499,6,49,2,157,6,0.66,0.66),(3500,6,49,2,157,7,3,3),(3501,6,49,2,158,8,20.3,33.8),(3502,6,49,2,158,6,0.66,1.64),(3503,6,49,2,158,7,3,5),(3504,6,49,2,159,8,20.3,40.5),(3505,6,49,2,159,6,0.66,1.16),(3506,6,49,2,159,7,3,6),(3507,6,49,2,160,8,20.3,13.5),(3508,6,49,2,160,6,0.66,1.27),(3509,6,49,2,160,7,3,2),(3510,6,49,2,161,8,20.3,418.6),(3511,6,49,2,161,6,0.66,2.46),(3512,6,49,2,161,7,3,62),(3513,6,49,2,162,8,20.3,276.8),(3514,6,49,2,162,6,0.66,1.12),(3515,6,49,2,162,7,3,41),(3516,6,49,2,163,8,20.3,189.1),(3517,6,49,2,163,6,0.66,0.86),(3518,6,49,2,163,7,3,28),(3519,6,49,2,164,8,20.3,276.8),(3520,6,49,2,164,6,0.66,0.78),(3521,6,49,2,164,7,3,41),(3522,6,49,2,165,8,20.3,182.3),(3523,6,49,2,165,6,0.66,1.29),(3524,6,49,2,165,7,3,27),(3525,6,49,2,166,8,20.3,216.1),(3526,6,49,2,166,6,0.66,1),(3527,6,49,2,166,7,3,32),(3528,6,49,2,167,8,20.3,270.1),(3529,6,49,2,167,6,0.66,2.08),(3530,6,49,2,167,7,3,40),(3531,6,49,2,168,8,20.3,445.7),(3532,6,49,2,168,6,0.66,0.61),(3533,6,49,2,168,7,3,66),(3534,6,50,2,157,8,20.9,20.9),(3535,6,50,2,157,6,1.95,1.95),(3536,6,50,2,157,7,2,2),(3537,6,50,2,158,8,20.9,20.9),(3538,6,50,2,158,6,1.95,1.33),(3539,6,50,2,158,7,2,2),(3540,6,50,2,159,8,20.9,20.9),(3541,6,50,2,159,6,1.95,0.65),(3542,6,50,2,159,7,2,2),(3543,6,50,2,160,8,20.9,20.9),(3544,6,50,2,160,6,1.95,0.98),(3545,6,50,2,160,7,2,2),(3546,6,50,2,161,8,20.9,460.4),(3547,6,50,2,161,6,1.95,1.66),(3548,6,50,2,161,7,2,44),(3549,6,50,2,162,8,20.9,533.7),(3550,6,50,2,162,6,1.95,1.73),(3551,6,50,2,162,7,2,51),(3552,6,50,2,163,8,20.9,313.9),(3553,6,50,2,163,6,1.95,1.15),(3554,6,50,2,163,7,2,30),(3555,6,50,2,164,8,20.9,439.5),(3556,6,50,2,164,6,1.95,0.54),(3557,6,50,2,164,7,2,42),(3558,6,50,2,165,8,20.9,52.3),(3559,6,50,2,165,6,1.95,0.77),(3560,6,50,2,165,7,2,5),(3561,6,50,2,166,8,20.9,62.8),(3562,6,50,2,166,6,1.95,1.97),(3563,6,50,2,166,7,2,6),(3564,6,50,2,167,8,20.9,31.4),(3565,6,50,2,167,6,1.95,0.73),(3566,6,50,2,167,7,2,3),(3567,6,50,2,168,8,20.9,94.2),(3568,6,50,2,168,6,1.95,1.75),(3569,6,50,2,168,7,2,9),(3570,6,51,2,157,8,0,0),(3571,6,51,2,157,6,0.01,0.01),(3572,6,51,2,157,7,0,0),(3573,6,51,2,158,8,0,0),(3574,6,51,2,158,6,0.01,0.01),(3575,6,51,2,158,7,0,0),(3576,6,51,2,159,8,0,0),(3577,6,51,2,159,6,0.01,-0.02),(3578,6,51,2,159,7,0,0),(3579,6,51,2,160,8,0,0),(3580,6,51,2,160,6,0.01,0),(3581,6,51,2,160,7,0,0),(3582,6,51,2,161,8,0,0),(3583,6,51,2,161,6,0.01,0),(3584,6,51,2,161,7,0,0),(3585,6,51,2,162,8,0,0),(3586,6,51,2,162,6,0.01,0.01),(3587,6,51,2,162,7,0,0),(3588,6,51,2,163,8,0,0),(3589,6,51,2,163,6,0.01,0.01),(3590,6,51,2,163,7,0,0),(3591,6,51,2,164,8,0,0),(3592,6,51,2,164,6,0.01,0),(3593,6,51,2,164,7,0,0),(3594,6,51,2,165,8,0,0),(3595,6,51,2,165,6,0.01,0.01),(3596,6,51,2,165,7,0,0),(3597,6,51,2,166,8,0,0),(3598,6,51,2,166,6,0.01,0),(3599,6,51,2,166,7,0,0),(3600,6,51,2,167,8,0,0),(3601,6,51,2,167,6,0.01,0),(3602,6,51,2,167,7,0,0),(3603,6,51,2,168,8,0,265.5),(3604,6,51,2,168,6,0.01,0),(3605,6,51,2,168,7,0,2),(3606,6,52,2,157,8,86.8,86.8),(3607,6,52,2,157,6,0.29,0.29),(3608,6,52,2,157,7,5,5),(3609,6,52,2,158,8,86.8,104.2),(3610,6,52,2,158,6,0.29,0.18),(3611,6,52,2,158,7,5,6),(3612,6,52,2,159,8,86.8,173.7),(3613,6,52,2,159,6,0.29,0.27),(3614,6,52,2,159,7,5,10),(3615,6,52,2,160,8,86.8,173.7),(3616,6,52,2,160,6,0.29,0.04),(3617,6,52,2,160,7,5,10),(3618,6,52,2,161,8,86.8,260.5),(3619,6,52,2,161,6,0.29,0.21),(3620,6,52,2,161,7,5,15),(3621,6,52,2,162,8,86.8,104.2),(3622,6,52,2,162,6,0.29,0.16),(3623,6,52,2,162,7,5,6),(3624,6,52,2,163,8,86.8,191),(3625,6,52,2,163,6,0.29,0.12),(3626,6,52,2,163,7,5,11),(3627,6,52,2,164,8,86.8,382.1),(3628,6,52,2,164,6,0.29,0.06),(3629,6,52,2,164,7,5,22),(3630,6,52,2,165,8,86.8,156.3),(3631,6,52,2,165,6,0.29,0.04),(3632,6,52,2,165,7,5,9),(3633,6,52,2,166,8,86.8,295.2),(3634,6,52,2,166,6,0.29,0.1),(3635,6,52,2,166,7,5,17),(3636,6,52,2,167,8,86.8,69.5),(3637,6,52,2,167,6,0.29,0.08),(3638,6,52,2,167,7,5,4),(3639,6,52,2,168,8,86.8,382.1),(3640,6,52,2,168,6,0.29,0.11),(3641,6,52,2,168,7,5,22),(3642,6,53,2,157,8,436.7,436.7),(3643,6,53,2,157,6,0.5,0.5),(3644,6,53,2,157,7,20,20),(3645,6,53,2,158,8,436.7,283.9),(3646,6,53,2,158,6,0.5,0.13),(3647,6,53,2,158,7,20,13),(3648,6,53,2,159,8,436.7,218.4),(3649,6,53,2,159,6,0.5,0.34),(3650,6,53,2,159,7,20,10),(3651,6,53,2,160,8,436.7,218.4),(3652,6,53,2,160,6,0.5,0.67),(3653,6,53,2,160,7,20,10),(3654,6,53,2,161,8,436.7,262),(3655,6,53,2,161,6,0.5,0.09),(3656,6,53,2,161,7,20,12),(3657,6,53,2,162,8,436.7,87.3),(3658,6,53,2,162,6,0.5,0.54),(3659,6,53,2,162,7,20,4),(3660,6,53,2,163,8,436.7,218.4),(3661,6,53,2,163,6,0.5,0.29),(3662,6,53,2,163,7,20,10),(3663,6,53,2,164,8,436.7,262),(3664,6,53,2,164,6,0.5,0.11),(3665,6,53,2,164,7,20,12),(3666,6,53,2,165,8,436.7,262),(3667,6,53,2,165,6,0.5,0.12),(3668,6,53,2,165,7,20,12),(3669,6,53,2,166,8,436.7,87.3),(3670,6,53,2,166,6,0.5,0.26),(3671,6,53,2,166,7,20,4),(3672,6,53,2,167,8,436.7,131),(3673,6,53,2,167,6,0.5,0.46),(3674,6,53,2,167,7,20,6),(3675,6,53,2,168,8,436.7,327.5),(3676,6,53,2,168,6,0.5,0.19),(3677,6,53,2,168,7,20,15),(3678,6,54,2,157,8,0,0),(3679,6,54,2,157,6,0.42,0.42),(3680,6,54,2,157,7,0,0),(3681,6,54,2,158,8,0,0),(3682,6,54,2,158,6,0.42,0.41),(3683,6,54,2,158,7,0,0),(3684,6,54,2,159,8,0,0),(3685,6,54,2,159,6,0.42,0.97),(3686,6,54,2,159,7,0,0),(3687,6,54,2,160,8,0,0),(3688,6,54,2,160,6,0.42,0.71),(3689,6,54,2,160,7,0,0),(3690,6,54,2,161,8,0,543.3),(3691,6,54,2,161,6,0.42,0.44),(3692,6,54,2,161,7,0,49),(3693,6,54,2,162,8,0,221.8),(3694,6,54,2,162,6,0.42,0.44),(3695,6,54,2,162,7,0,20),(3696,6,54,2,163,8,0,388.1),(3697,6,54,2,163,6,0.42,0.21),(3698,6,54,2,163,7,0,35),(3699,6,54,2,164,8,0,565.5),(3700,6,54,2,164,6,0.42,0.51),(3701,6,54,2,164,7,0,51),(3702,6,54,2,165,8,0,133.1),(3703,6,54,2,165,6,0.42,0.17),(3704,6,54,2,165,7,0,12),(3705,6,54,2,166,8,0,77.6),(3706,6,54,2,166,6,0.42,0.18),(3707,6,54,2,166,7,0,7),(3708,6,54,2,167,8,0,88.7),(3709,6,54,2,167,6,0.42,0.12),(3710,6,54,2,167,7,0,8),(3711,6,54,2,168,8,0,122),(3712,6,54,2,168,6,0.42,0.48),(3713,6,54,2,168,7,0,11),(3714,6,55,2,157,8,165.4,165.4),(3715,6,55,2,157,6,0.19,0.19),(3716,6,55,2,157,7,10,10),(3717,6,55,2,158,8,165.4,181.9),(3718,6,55,2,158,6,0.19,0.35),(3719,6,55,2,158,7,10,11),(3720,6,55,2,159,8,165.4,165.4),(3721,6,55,2,159,6,0.19,0.29),(3722,6,55,2,159,7,10,10),(3723,6,55,2,160,8,165.4,165.4),(3724,6,55,2,160,6,0.19,0.42),(3725,6,55,2,160,7,10,10),(3726,6,55,2,161,8,165.4,248.1),(3727,6,55,2,161,6,0.19,0.24),(3728,6,55,2,161,7,10,15),(3729,6,55,2,162,8,165.4,82.7),(3730,6,55,2,162,6,0.19,0.35),(3731,6,55,2,162,7,10,5),(3732,6,55,2,163,8,165.4,66.2),(3733,6,55,2,163,6,0.19,0.27),(3734,6,55,2,163,7,10,4),(3735,6,55,2,164,8,165.4,281.2),(3736,6,55,2,164,6,0.19,0.86),(3737,6,55,2,164,7,10,17),(3738,6,55,2,165,8,165.4,215),(3739,6,55,2,165,6,0.19,0.45),(3740,6,55,2,165,7,10,13),(3741,6,55,2,166,8,165.4,297.7),(3742,6,55,2,166,6,0.19,0.47),(3743,6,55,2,166,7,10,18),(3744,6,55,2,167,8,165.4,82.7),(3745,6,55,2,167,6,0.19,0.37),(3746,6,55,2,167,7,10,5),(3747,6,55,2,168,8,165.4,248.1),(3748,6,55,2,168,6,0.19,0.42),(3749,6,55,2,168,7,10,15),(3750,6,56,2,157,8,37.1,37.1),(3751,6,56,2,157,6,1.13,1.13),(3752,6,56,2,157,7,1,1),(3753,6,56,2,158,8,37.1,37.1),(3754,6,56,2,158,6,1.13,1.03),(3755,6,56,2,158,7,1,1),(3756,6,56,2,159,8,37.1,74.1),(3757,6,56,2,159,6,1.13,0.74),(3758,6,56,2,159,7,1,2),(3759,6,56,2,160,8,37.1,37.1),(3760,6,56,2,160,6,1.13,1.85),(3761,6,56,2,160,7,1,1),(3762,6,56,2,161,8,37.1,0),(3763,6,56,2,161,6,1.13,1.18),(3764,6,56,2,161,7,1,0),(3765,6,56,2,162,8,37.1,37.1),(3766,6,56,2,162,6,1.13,0.6),(3767,6,56,2,162,7,1,1),(3768,6,56,2,163,8,37.1,0),(3769,6,56,2,163,6,1.13,0.3),(3770,6,56,2,163,7,1,0),(3771,6,56,2,164,8,37.1,148.3),(3772,6,56,2,164,6,1.13,0.61),(3773,6,56,2,164,7,1,4),(3774,6,56,2,165,8,37.1,333.6),(3775,6,56,2,165,6,1.13,2.29),(3776,6,56,2,165,7,1,9),(3777,6,56,2,166,8,37.1,259.5),(3778,6,56,2,166,6,1.13,0.51),(3779,6,56,2,166,7,1,7),(3780,6,56,2,167,8,37.1,185.4),(3781,6,56,2,167,6,1.13,0.39),(3782,6,56,2,167,7,1,5),(3783,6,56,2,168,8,37.1,296.6),(3784,6,56,2,168,6,1.13,1.2),(3785,6,56,2,168,7,1,8),(3786,6,57,2,157,8,64.1,64.1),(3787,6,57,2,157,6,0.59,0.59),(3788,6,57,2,157,7,9,9),(3789,6,57,2,158,8,64.1,57),(3790,6,57,2,158,6,0.59,0.77),(3791,6,57,2,158,7,9,8),(3792,6,57,2,159,8,64.1,42.7),(3793,6,57,2,159,6,0.59,1.46),(3794,6,57,2,159,7,9,6),(3795,6,57,2,160,8,64.1,42.7),(3796,6,57,2,160,6,0.59,0.72),(3797,6,57,2,160,7,9,6),(3798,6,57,2,161,8,64.1,99.7),(3799,6,57,2,161,6,0.59,0.45),(3800,6,57,2,161,7,9,14),(3801,6,57,2,162,8,64.1,263.6),(3802,6,57,2,162,6,0.59,1.26),(3803,6,57,2,162,7,9,37),(3804,6,57,2,163,8,64.1,92.6),(3805,6,57,2,163,6,0.59,0.81),(3806,6,57,2,163,7,9,13),(3807,6,57,2,164,8,64.1,235.1),(3808,6,57,2,164,6,0.59,2.6),(3809,6,57,2,164,7,9,33),(3810,6,57,2,165,8,64.1,178.1),(3811,6,57,2,165,6,0.59,0.71),(3812,6,57,2,165,7,9,25),(3813,6,57,2,166,8,64.1,149.6),(3814,6,57,2,166,6,0.59,1.03),(3815,6,57,2,166,7,9,21),(3816,6,57,2,167,8,64.1,35.6),(3817,6,57,2,167,6,0.59,1.23),(3818,6,57,2,167,7,9,5),(3819,6,57,2,168,8,64.1,192.3),(3820,6,57,2,168,6,0.59,0.69),(3821,6,57,2,168,7,9,27),(3822,6,58,2,157,8,44.3,44.3),(3823,6,58,2,157,6,0.44,0.44),(3824,6,58,2,157,7,1,1),(3825,6,58,2,158,8,44.3,44.3),(3826,6,58,2,158,6,0.44,0.45),(3827,6,58,2,158,7,1,1),(3828,6,58,2,159,8,44.3,44.3),(3829,6,58,2,159,6,0.44,0.46),(3830,6,58,2,159,7,1,1),(3831,6,58,2,160,8,44.3,44.3),(3832,6,58,2,160,6,0.44,0.37),(3833,6,58,2,160,7,1,1),(3834,6,58,2,161,8,44.3,44.3),(3835,6,58,2,161,6,0.44,0.36),(3836,6,58,2,161,7,1,1),(3837,6,58,2,162,8,44.3,88.6),(3838,6,58,2,162,6,0.44,0.88),(3839,6,58,2,162,7,1,2),(3840,6,58,2,163,8,44.3,44.3),(3841,6,58,2,163,6,0.44,1.12),(3842,6,58,2,163,7,1,1),(3843,6,58,2,164,8,44.3,265.8),(3844,6,58,2,164,6,0.44,0.48),(3845,6,58,2,164,7,1,6),(3846,6,58,2,165,8,44.3,221.5),(3847,6,58,2,165,6,0.44,0.46),(3848,6,58,2,165,7,1,5),(3849,6,58,2,166,8,44.3,487.3),(3850,6,58,2,166,6,0.44,0.19),(3851,6,58,2,166,7,1,11),(3852,6,58,2,167,8,44.3,487.3),(3853,6,58,2,167,6,0.44,0.32),(3854,6,58,2,167,7,1,11),(3855,6,58,2,168,8,44.3,708.8),(3856,6,58,2,168,6,0.44,0.53),(3857,6,58,2,168,7,1,16),(3858,6,59,2,157,8,66.6,66.6),(3859,6,59,2,157,6,1.44,1.44),(3860,6,59,2,157,7,5,5),(3861,6,59,2,158,8,66.6,159.8),(3862,6,59,2,158,6,1.44,0.62),(3863,6,59,2,158,7,5,12),(3864,6,59,2,159,8,66.6,106.6),(3865,6,59,2,159,6,1.44,1.42),(3866,6,59,2,159,7,5,8),(3867,6,59,2,160,8,66.6,66.6),(3868,6,59,2,160,6,1.44,1.99),(3869,6,59,2,160,7,5,5),(3870,6,59,2,161,8,66.6,93.2),(3871,6,59,2,161,6,1.44,0.94),(3872,6,59,2,161,7,5,7),(3873,6,59,2,162,8,66.6,119.9),(3874,6,59,2,162,6,1.44,1.12),(3875,6,59,2,162,7,5,9),(3876,6,59,2,163,8,66.6,106.6),(3877,6,59,2,163,6,1.44,1.1),(3878,6,59,2,163,7,5,8),(3879,6,59,2,164,8,66.6,199.8),(3880,6,59,2,164,6,1.44,0.9),(3881,6,59,2,164,7,5,15),(3882,6,59,2,165,8,66.6,213.1),(3883,6,59,2,165,6,1.44,2.51),(3884,6,59,2,165,7,5,16),(3885,6,59,2,166,8,66.6,266.4),(3886,6,59,2,166,6,1.44,1.31),(3887,6,59,2,166,7,5,20),(3888,6,59,2,167,8,66.6,213.1),(3889,6,59,2,167,6,1.44,1.15),(3890,6,59,2,167,7,5,16),(3891,6,59,2,168,8,66.6,692.7),(3892,6,59,2,168,6,1.44,1.19),(3893,6,59,2,168,7,5,52),(3894,6,60,2,157,8,0,0),(3895,6,60,2,157,6,4.18,4.18),(3896,6,60,2,157,7,0,0),(3897,6,60,2,158,8,0,0),(3898,6,60,2,158,6,4.18,2.82),(3899,6,60,2,158,7,0,0),(3900,6,60,2,159,8,0,61.3),(3901,6,60,2,159,6,4.18,0.99),(3902,6,60,2,159,7,0,1),(3903,6,60,2,160,8,0,61.3),(3904,6,60,2,160,6,4.18,1.08),(3905,6,60,2,160,7,0,1),(3906,6,60,2,161,8,0,245.4),(3907,6,60,2,161,6,4.18,1.32),(3908,6,60,2,161,7,0,4),(3909,6,60,2,162,8,0,306.7),(3910,6,60,2,162,6,4.18,1.43),(3911,6,60,2,162,7,0,5),(3912,6,60,2,163,8,0,61.3),(3913,6,60,2,163,6,4.18,0.68),(3914,6,60,2,163,7,0,1),(3915,6,60,2,164,8,0,306.7),(3916,6,60,2,164,6,4.18,1.6),(3917,6,60,2,164,7,0,5),(3918,6,60,2,165,8,0,184),(3919,6,60,2,165,6,4.18,1.22),(3920,6,60,2,165,7,0,3),(3921,6,60,2,166,8,0,61.3),(3922,6,60,2,166,6,4.18,1.98),(3923,6,60,2,166,7,0,1),(3924,6,60,2,167,8,0,122.7),(3925,6,60,2,167,6,4.18,2.74),(3926,6,60,2,167,7,0,2),(3927,6,60,2,168,8,0,429.4),(3928,6,60,2,168,6,4.18,2.67),(3929,6,60,2,168,7,0,7),(3930,6,61,2,157,8,11.6,11.6),(3931,6,61,2,157,6,1.78,1.78),(3932,6,61,2,157,7,2,2),(3933,6,61,2,158,8,11.6,11.6),(3934,6,61,2,158,6,1.78,2.78),(3935,6,61,2,158,7,2,2),(3936,6,61,2,159,8,11.6,5.8),(3937,6,61,2,159,6,1.78,1.21),(3938,6,61,2,159,7,2,1),(3939,6,61,2,160,8,11.6,11.6),(3940,6,61,2,160,6,1.78,2.42),(3941,6,61,2,160,7,2,2),(3942,6,61,2,161,8,11.6,243.8),(3943,6,61,2,161,6,1.78,1.1),(3944,6,61,2,161,7,2,42),(3945,6,61,2,162,8,11.6,145.1),(3946,6,61,2,162,6,1.78,2.24),(3947,6,61,2,162,7,2,25),(3948,6,61,2,163,8,11.6,69.7),(3949,6,61,2,163,6,1.78,3.34),(3950,6,61,2,163,7,2,12),(3951,6,61,2,164,8,11.6,290.2),(3952,6,61,2,164,6,1.78,1.66),(3953,6,61,2,164,7,2,50),(3954,6,61,2,165,8,11.6,11.6),(3955,6,61,2,165,6,1.78,1.71),(3956,6,61,2,165,7,2,2),(3957,6,61,2,166,8,11.6,5.8),(3958,6,61,2,166,6,1.78,1.55),(3959,6,61,2,166,7,2,1),(3960,6,61,2,167,8,11.6,5.8),(3961,6,61,2,167,6,1.78,1.71),(3962,6,61,2,167,7,2,1),(3963,6,61,2,168,8,11.6,29),(3964,6,61,2,168,6,1.78,0.74),(3965,6,61,2,168,7,2,5),(3966,6,62,2,157,8,167.4,167.4),(3967,6,62,2,157,6,1.08,1.08),(3968,6,62,2,157,7,18,18),(3969,6,62,2,158,8,167.4,186),(3970,6,62,2,158,6,1.08,1.37),(3971,6,62,2,158,7,18,20),(3972,6,62,2,159,8,167.4,186),(3973,6,62,2,159,6,1.08,3.21),(3974,6,62,2,159,7,18,20),(3975,6,62,2,160,8,167.4,186),(3976,6,62,2,160,6,1.08,2.68),(3977,6,62,2,160,7,18,20),(3978,6,62,2,161,8,167.4,213.9),(3979,6,62,2,161,6,1.08,2.09),(3980,6,62,2,161,7,18,23),(3981,6,62,2,162,8,167.4,260.4),(3982,6,62,2,162,6,1.08,2.68),(3983,6,62,2,162,7,18,28),(3984,6,62,2,163,8,167.4,297.6),(3985,6,62,2,163,6,1.08,1.41),(3986,6,62,2,163,7,18,32),(3987,6,62,2,164,8,167.4,381.3),(3988,6,62,2,164,6,1.08,1.71),(3989,6,62,2,164,7,18,41),(3990,6,62,2,165,8,167.4,390.6),(3991,6,62,2,165,6,1.08,2.28),(3992,6,62,2,165,7,18,42),(3993,6,62,2,166,8,167.4,585.8),(3994,6,62,2,166,6,1.08,2.2),(3995,6,62,2,166,7,18,63),(3996,6,62,2,167,8,167.4,437),(3997,6,62,2,167,6,1.08,1.93),(3998,6,62,2,167,7,18,47),(3999,6,62,2,168,8,167.4,902),(4000,6,62,2,168,6,1.08,9.06),(4001,6,62,2,168,7,18,97),(4002,6,63,2,157,8,222.2,222.2),(4003,6,63,2,157,6,1.04,1.04),(4004,6,63,2,157,7,22,22),(4005,6,63,2,158,8,222.2,252.5),(4006,6,63,2,158,6,1.04,0.99),(4007,6,63,2,158,7,22,25),(4008,6,63,2,159,8,222.2,252.5),(4009,6,63,2,159,6,1.04,2.79),(4010,6,63,2,159,7,22,25),(4011,6,63,2,160,8,222.2,504.9),(4012,6,63,2,160,6,1.04,2.25),(4013,6,63,2,160,7,22,50),(4014,6,63,2,161,8,222.2,0),(4015,6,63,2,161,6,1.04,1.01),(4016,6,63,2,161,7,22,0),(4017,6,63,2,162,8,222.2,0),(4018,6,63,2,162,6,1.04,1.95),(4019,6,63,2,162,7,22,0),(4020,6,63,2,163,8,222.2,0),(4021,6,63,2,163,6,1.04,0.82),(4022,6,63,2,163,7,22,0),(4023,6,63,2,164,8,222.2,0),(4024,6,63,2,164,6,1.04,2.07),(4025,6,63,2,164,7,22,0),(4026,6,63,2,165,8,222.2,151.5),(4027,6,63,2,165,6,1.04,0.9),(4028,6,63,2,165,7,22,15),(4029,6,63,2,166,8,222.2,232.3),(4030,6,63,2,166,6,1.04,1.79),(4031,6,63,2,166,7,22,23),(4032,6,63,2,167,8,222.2,303),(4033,6,63,2,167,6,1.04,1.45),(4034,6,63,2,167,7,22,30),(4035,6,63,2,168,8,222.2,504.9),(4036,6,63,2,168,6,1.04,1.47),(4037,6,63,2,168,7,22,50),(4038,6,64,2,157,8,60,60),(4039,6,64,2,157,6,1.09,1.09),(4040,6,64,2,157,7,2,2),(4041,6,64,2,158,8,60,60),(4042,6,64,2,158,6,1.09,2.05),(4043,6,64,2,158,7,2,2),(4044,6,64,2,159,8,60,150),(4045,6,64,2,159,6,1.09,2.18),(4046,6,64,2,159,7,2,5),(4047,6,64,2,160,8,60,150),(4048,6,64,2,160,6,1.09,1.08),(4049,6,64,2,160,7,2,5),(4050,6,64,2,161,8,60,60),(4051,6,64,2,161,6,1.09,0.78),(4052,6,64,2,161,7,2,2),(4053,6,64,2,162,8,60,209.9),(4054,6,64,2,162,6,1.09,2.43),(4055,6,64,2,162,7,2,7),(4056,6,64,2,163,8,60,120),(4057,6,64,2,163,6,1.09,1.34),(4058,6,64,2,163,7,2,4),(4059,6,64,2,164,8,60,180),(4060,6,64,2,164,6,1.09,3.11),(4061,6,64,2,164,7,2,6),(4062,6,64,2,165,8,60,120),(4063,6,64,2,165,6,1.09,2.31),(4064,6,64,2,165,7,2,4),(4065,6,64,2,166,8,60,359.9),(4066,6,64,2,166,6,1.09,0.96),(4067,6,64,2,166,7,2,12),(4068,6,64,2,167,8,60,180),(4069,6,64,2,167,6,1.09,0.84),(4070,6,64,2,167,7,2,6),(4071,6,64,2,168,8,60,419.9),(4072,6,64,2,168,6,1.09,1.14),(4073,6,64,2,168,7,2,14),(4074,6,65,2,157,8,187.5,187.5),(4075,6,65,2,157,6,1.58,1.58),(4076,6,65,2,157,7,9,9),(4077,6,65,2,158,8,187.5,104.2),(4078,6,65,2,158,6,1.58,2.99),(4079,6,65,2,158,7,9,5),(4080,6,65,2,159,8,187.5,104.2),(4081,6,65,2,159,6,1.58,2.51),(4082,6,65,2,159,7,9,5),(4083,6,65,2,160,8,187.5,208.3),(4084,6,65,2,160,6,1.58,1.1),(4085,6,65,2,160,7,9,10),(4086,6,65,2,161,8,187.5,229.2),(4087,6,65,2,161,6,1.58,2.25),(4088,6,65,2,161,7,9,11),(4089,6,65,2,162,8,187.5,270.8),(4090,6,65,2,162,6,1.58,0.61),(4091,6,65,2,162,7,9,13),(4092,6,65,2,163,8,187.5,145.8),(4093,6,65,2,163,6,1.58,5.31),(4094,6,65,2,163,7,9,7),(4095,6,65,2,164,8,187.5,291.7),(4096,6,65,2,164,6,1.58,2.52),(4097,6,65,2,164,7,9,14),(4098,6,65,2,165,8,187.5,104.2),(4099,6,65,2,165,6,1.58,3.7),(4100,6,65,2,165,7,9,5),(4101,6,65,2,166,8,187.5,270.8),(4102,6,65,2,166,6,1.58,1.77),(4103,6,65,2,166,7,9,13),(4104,6,65,2,167,8,187.5,104.2),(4105,6,65,2,167,6,1.58,2.56),(4106,6,65,2,167,7,9,5),(4107,6,65,2,168,8,187.5,208.3),(4108,6,65,2,168,6,1.58,0.04),(4109,6,65,2,168,7,9,10),(4110,6,66,2,157,8,0,0),(4111,6,66,2,157,6,7.82,7.82),(4112,6,66,2,157,7,0,0),(4113,6,66,2,158,8,0,0),(4114,6,66,2,158,6,7.82,0.89),(4115,6,66,2,158,7,0,0),(4116,6,66,2,159,8,0,0),(4117,6,66,2,159,6,7.82,1.27),(4118,6,66,2,159,7,0,0),(4119,6,66,2,160,8,0,0),(4120,6,66,2,160,6,7.82,5.72),(4121,6,66,2,160,7,0,0),(4122,6,66,2,161,8,0,123.5),(4123,6,66,2,161,6,7.82,1.88),(4124,6,66,2,161,7,0,1),(4125,6,66,2,162,8,0,123.5),(4126,6,66,2,162,6,7.82,1.97),(4127,6,66,2,162,7,0,1),(4128,6,66,2,163,8,0,0),(4129,6,66,2,163,6,7.82,1.29),(4130,6,66,2,163,7,0,0),(4131,6,66,2,164,8,0,494),(4132,6,66,2,164,6,7.82,4.14),(4133,6,66,2,164,7,0,4),(4134,6,66,2,165,8,0,617.5),(4135,6,66,2,165,6,7.82,1.8),(4136,6,66,2,165,7,0,5),(4137,6,66,2,166,8,0,370.5),(4138,6,66,2,166,6,7.82,1.71),(4139,6,66,2,166,7,0,3),(4140,6,66,2,167,8,0,247),(4141,6,66,2,167,6,7.82,0.96),(4142,6,66,2,167,7,0,2),(4143,6,66,2,168,8,0,617.5),(4144,6,66,2,168,6,7.82,2.66),(4145,6,66,2,168,7,0,5),(4146,6,67,2,157,8,42.5,42.5),(4147,6,67,2,157,6,2.69,2.69),(4148,6,67,2,157,7,4,4),(4149,6,67,2,158,8,42.5,53.2),(4150,6,67,2,158,6,2.69,2.03),(4151,6,67,2,158,7,4,5),(4152,6,67,2,159,8,42.5,21.3),(4153,6,67,2,159,6,2.69,0.73),(4154,6,67,2,159,7,4,2),(4155,6,67,2,160,8,42.5,31.9),(4156,6,67,2,160,6,2.69,1.82),(4157,6,67,2,160,7,4,3),(4158,6,67,2,161,8,42.5,148.9),(4159,6,67,2,161,6,2.69,1.42),(4160,6,67,2,161,7,4,14),(4161,6,67,2,162,8,42.5,106.3),(4162,6,67,2,162,6,2.69,2.84),(4163,6,67,2,162,7,4,10),(4164,6,67,2,163,8,42.5,53.2),(4165,6,67,2,163,6,2.69,0.56),(4166,6,67,2,163,7,4,5),(4167,6,67,2,164,8,42.5,117),(4168,6,67,2,164,6,2.69,1.96),(4169,6,67,2,164,7,4,11),(4170,6,67,2,165,8,42.5,276.4),(4171,6,67,2,165,6,2.69,2.14),(4172,6,67,2,165,7,4,26),(4173,6,67,2,166,8,42.5,191.4),(4174,6,67,2,166,6,2.69,1.9),(4175,6,67,2,166,7,4,18),(4176,6,67,2,167,8,42.5,148.9),(4177,6,67,2,167,6,2.69,6.23),(4178,6,67,2,167,7,4,14),(4179,6,67,2,168,8,42.5,170.1),(4180,6,67,2,168,6,2.69,0),(4181,6,67,2,168,7,4,16),(4182,6,68,2,157,8,0,0),(4183,6,68,2,157,6,0.69,0.69),(4184,6,68,2,157,7,0,0),(4185,6,68,2,158,8,0,0),(4186,6,68,2,158,6,0.69,3.22),(4187,6,68,2,158,7,0,0),(4188,6,68,2,159,8,0,0),(4189,6,68,2,159,6,0.69,0.74),(4190,6,68,2,159,7,0,0),(4191,6,68,2,160,8,0,0),(4192,6,68,2,160,6,0.69,4.03),(4193,6,68,2,160,7,0,0),(4194,6,68,2,161,8,0,119.1),(4195,6,68,2,161,6,0.69,2.14),(4196,6,68,2,161,7,0,3),(4197,6,68,2,162,8,0,119.1),(4198,6,68,2,162,6,0.69,1.07),(4199,6,68,2,162,7,0,3),(4200,6,68,2,163,8,0,79.4),(4201,6,68,2,163,6,0.69,0.66),(4202,6,68,2,163,7,0,2),(4203,6,68,2,164,8,0,119.1),(4204,6,68,2,164,6,0.69,0.97),(4205,6,68,2,164,7,0,3),(4206,6,68,2,165,8,0,79.4),(4207,6,68,2,165,6,0.69,3.03),(4208,6,68,2,165,7,0,2),(4209,6,68,2,166,8,0,79.4),(4210,6,68,2,166,6,0.69,1.63),(4211,6,68,2,166,7,0,2),(4212,6,68,2,167,8,0,119.1),(4213,6,68,2,167,6,0.69,2.96),(4214,6,68,2,167,7,0,3),(4215,6,68,2,168,8,0,158.9),(4216,6,68,2,168,6,0.69,0.92),(4217,6,68,2,168,7,0,4),(4218,6,69,2,157,8,7.9,7.9),(4219,6,69,2,157,6,2.44,2.44),(4220,6,69,2,157,7,1,1),(4221,6,69,2,158,8,7.9,15.8),(4222,6,69,2,158,6,2.44,1.93),(4223,6,69,2,158,7,1,2),(4224,6,69,2,159,8,7.9,23.8),(4225,6,69,2,159,6,2.44,0.82),(4226,6,69,2,159,7,1,3),(4227,6,69,2,160,8,7.9,15.8),(4228,6,69,2,160,6,2.44,2.15),(4229,6,69,2,160,7,1,2),(4230,6,69,2,161,8,7.9,126.8),(4231,6,69,2,161,6,2.44,3.88),(4232,6,69,2,161,7,1,16),(4233,6,69,2,162,8,7.9,166.4),(4234,6,69,2,162,6,2.44,0.67),(4235,6,69,2,162,7,1,21),(4236,6,69,2,163,8,7.9,150.6),(4237,6,69,2,163,6,2.44,5.65),(4238,6,69,2,163,7,1,19),(4239,6,69,2,164,8,7.9,301.1),(4240,6,69,2,164,6,2.44,2.49),(4241,6,69,2,164,7,1,38),(4242,6,69,2,165,8,7.9,174.3),(4243,6,69,2,165,6,2.44,2.34),(4244,6,69,2,165,7,1,22),(4245,6,69,2,166,8,7.9,174.3),(4246,6,69,2,166,6,2.44,1.51),(4247,6,69,2,166,7,1,22),(4248,6,69,2,167,8,7.9,87.2),(4249,6,69,2,167,6,2.44,3.88),(4250,6,69,2,167,7,1,11),(4251,6,69,2,168,8,7.9,293.2),(4252,6,69,2,168,6,2.44,2.55),(4253,6,69,2,168,7,1,37),(4254,6,70,2,157,8,174.1,174.1),(4255,6,70,2,157,6,1.08,1.08),(4256,6,70,2,157,7,11,11),(4257,6,70,2,158,8,174.1,158.3),(4258,6,70,2,158,6,1.08,1.16),(4259,6,70,2,158,7,11,10),(4260,6,70,2,159,8,174.1,237.4),(4261,6,70,2,159,6,1.08,0.74),(4262,6,70,2,159,7,11,15),(4263,6,70,2,160,8,174.1,237.4),(4264,6,70,2,160,6,1.08,0.73),(4265,6,70,2,160,7,11,15),(4266,6,70,2,161,8,174.1,269.1),(4267,6,70,2,161,6,1.08,0.41),(4268,6,70,2,161,7,11,17),(4269,6,70,2,162,8,174.1,284.9),(4270,6,70,2,162,6,1.08,0.68),(4271,6,70,2,162,7,11,18),(4272,6,70,2,163,8,174.1,79.1),(4273,6,70,2,163,6,1.08,1.7),(4274,6,70,2,163,7,11,5),(4275,6,70,2,164,8,174.1,332.4),(4276,6,70,2,164,6,1.08,1.63),(4277,6,70,2,164,7,11,21),(4278,6,70,2,165,8,174.1,158.3),(4279,6,70,2,165,6,1.08,0.54),(4280,6,70,2,165,7,11,10),(4281,6,70,2,166,8,174.1,63.3),(4282,6,70,2,166,6,1.08,0.59),(4283,6,70,2,166,7,11,4),(4284,6,70,2,167,8,174.1,63.3),(4285,6,70,2,167,6,1.08,0.94),(4286,6,70,2,167,7,11,4),(4287,6,70,2,168,8,174.1,253.2),(4288,6,70,2,168,6,1.08,0.96),(4289,6,70,2,168,7,11,16),(4290,6,71,2,157,8,0,0),(4291,6,71,2,157,6,0.38,0.38),(4292,6,71,2,157,7,0,0),(4293,6,71,2,158,8,0,0),(4294,6,71,2,158,6,0.38,0.49),(4295,6,71,2,158,7,0,0),(4296,6,71,2,159,8,0,0),(4297,6,71,2,159,6,0.38,1.34),(4298,6,71,2,159,7,0,0),(4299,6,71,2,160,8,0,0),(4300,6,71,2,160,6,0.38,0.33),(4301,6,71,2,160,7,0,0),(4302,6,71,2,161,8,0,0),(4303,6,71,2,161,6,0.38,0.98),(4304,6,71,2,161,7,0,0),(4305,6,71,2,162,8,0,0),(4306,6,71,2,162,6,0.38,0.96),(4307,6,71,2,162,7,0,0),(4308,6,71,2,163,8,0,0),(4309,6,71,2,163,6,0.38,0.42),(4310,6,71,2,163,7,0,0),(4311,6,71,2,164,8,0,0),(4312,6,71,2,164,6,0.38,0.29),(4313,6,71,2,164,7,0,0),(4314,6,71,2,165,8,0,0),(4315,6,71,2,165,6,0.38,0.5),(4316,6,71,2,165,7,0,0),(4317,6,71,2,166,8,0,0),(4318,6,71,2,166,6,0.38,0.64),(4319,6,71,2,166,7,0,0),(4320,6,71,2,167,8,0,0),(4321,6,71,2,167,6,0.38,0.34),(4322,6,71,2,167,7,0,0),(4323,6,71,2,168,8,0,0),(4324,6,71,2,168,6,0.38,0.73),(4325,6,71,2,168,7,0,0),(4326,6,72,2,157,8,119.8,119.8),(4327,6,72,2,157,6,0.66,0.66),(4328,6,72,2,157,7,12,12),(4329,6,72,2,158,8,119.8,149.7),(4330,6,72,2,158,6,0.66,1.45),(4331,6,72,2,158,7,12,15),(4332,6,72,2,159,8,119.8,149.7),(4333,6,72,2,159,6,0.66,0.95),(4334,6,72,2,159,7,12,15),(4335,6,72,2,160,8,119.8,299.4),(4336,6,72,2,160,6,0.66,0.74),(4337,6,72,2,160,7,12,30),(4338,6,72,2,161,8,119.8,209.6),(4339,6,72,2,161,6,0.66,0.39),(4340,6,72,2,161,7,12,21),(4341,6,72,2,162,8,119.8,289.5),(4342,6,72,2,162,6,0.66,0.34),(4343,6,72,2,162,7,12,29),(4344,6,72,2,163,8,119.8,229.6),(4345,6,72,2,163,6,0.66,0.34),(4346,6,72,2,163,7,12,23),(4347,6,72,2,164,8,119.8,329.4),(4348,6,72,2,164,6,0.66,0.63),(4349,6,72,2,164,7,12,33),(4350,6,72,2,165,8,119.8,299.4),(4351,6,72,2,165,6,0.66,0.18),(4352,6,72,2,165,7,12,30),(4353,6,72,2,166,8,119.8,439.2),(4354,6,72,2,166,6,0.66,0.26),(4355,6,72,2,166,7,12,44),(4356,6,72,2,167,8,119.8,339.4),(4357,6,72,2,167,6,0.66,0.35),(4358,6,72,2,167,7,12,34),(4359,6,72,2,168,8,119.8,828.4),(4360,6,72,2,168,6,0.66,0.66),(4361,6,72,2,168,7,12,83),(4362,6,73,2,157,8,173.5,173.5),(4363,6,73,2,157,6,0.2,0.2),(4364,6,73,2,157,7,6,6),(4365,6,73,2,158,8,173.5,144.6),(4366,6,73,2,158,6,0.2,0.2),(4367,6,73,2,158,7,6,5),(4368,6,73,2,159,8,173.5,144.6),(4369,6,73,2,159,6,0.2,0.14),(4370,6,73,2,159,7,6,5),(4371,6,73,2,160,8,173.5,289.1),(4372,6,73,2,160,6,0.2,0.07),(4373,6,73,2,160,7,6,10),(4374,6,73,2,161,8,173.5,404.8),(4375,6,73,2,161,6,0.2,0.14),(4376,6,73,2,161,7,6,14),(4377,6,73,2,162,8,173.5,260.2),(4378,6,73,2,162,6,0.2,0.17),(4379,6,73,2,162,7,6,9),(4380,6,73,2,163,8,173.5,144.6),(4381,6,73,2,163,6,0.2,0.15),(4382,6,73,2,163,7,6,5),(4383,6,73,2,164,8,173.5,462.6),(4384,6,73,2,164,6,0.2,0.25),(4385,6,73,2,164,7,6,16),(4386,6,73,2,165,8,173.5,260.2),(4387,6,73,2,165,6,0.2,0.14),(4388,6,73,2,165,7,6,9),(4389,6,73,2,166,8,173.5,173.5),(4390,6,73,2,166,6,0.2,0.13),(4391,6,73,2,166,7,6,6),(4392,6,73,2,167,8,173.5,144.6),(4393,6,73,2,167,6,0.2,0.1),(4394,6,73,2,167,7,6,5),(4395,6,73,2,168,8,173.5,289.1),(4396,6,73,2,168,6,0.2,0.06),(4397,6,73,2,168,7,6,10),(4398,6,74,2,157,8,130.3,130.3),(4399,6,74,2,157,6,0.15,0.15),(4400,6,74,2,157,7,14,14),(4401,6,74,2,158,8,130.3,139.7),(4402,6,74,2,158,6,0.15,0.58),(4403,6,74,2,158,7,14,15),(4404,6,74,2,159,8,130.3,139.7),(4405,6,74,2,159,6,0.15,0.25),(4406,6,74,2,159,7,14,15),(4407,6,74,2,160,8,130.3,93.1),(4408,6,74,2,160,6,0.15,0.07),(4409,6,74,2,160,7,14,10),(4410,6,74,2,161,8,130.3,37.2),(4411,6,74,2,161,6,0.15,0.23),(4412,6,74,2,161,7,14,4),(4413,6,74,2,162,8,130.3,55.9),(4414,6,74,2,162,6,0.15,0.11),(4415,6,74,2,162,7,14,6),(4416,6,74,2,163,8,130.3,27.9),(4417,6,74,2,163,6,0.15,0.12),(4418,6,74,2,163,7,14,3),(4419,6,74,2,164,8,130.3,46.6),(4420,6,74,2,164,6,0.15,0.15),(4421,6,74,2,164,7,14,5),(4422,6,74,2,165,8,130.3,149),(4423,6,74,2,165,6,0.15,0.09),(4424,6,74,2,165,7,14,16),(4425,6,74,2,166,8,130.3,83.8),(4426,6,74,2,166,6,0.15,0.09),(4427,6,74,2,166,7,14,9),(4428,6,74,2,167,8,130.3,74.5),(4429,6,74,2,167,6,0.15,0.11),(4430,6,74,2,167,7,14,8),(4431,6,74,2,168,8,130.3,279.3),(4432,6,74,2,168,6,0.15,0.13),(4433,6,74,2,168,7,14,30),(4434,6,75,2,157,8,206.6,206.6),(4435,6,75,2,157,6,1.69,1.69),(4436,6,75,2,157,7,10,10),(4437,6,75,2,158,8,206.6,206.6),(4438,6,75,2,158,6,1.69,0.55),(4439,6,75,2,158,7,10,10),(4440,6,75,2,159,8,206.6,206.6),(4441,6,75,2,159,6,1.69,1.36),(4442,6,75,2,159,7,10,10),(4443,6,75,2,160,8,206.6,206.6),(4444,6,75,2,160,6,1.69,1.1),(4445,6,75,2,160,7,10,10),(4446,6,75,2,161,8,206.6,62),(4447,6,75,2,161,6,1.69,1.87),(4448,6,75,2,161,7,10,3),(4449,6,75,2,162,8,206.6,165.3),(4450,6,75,2,162,6,1.69,2.36),(4451,6,75,2,162,7,10,8),(4452,6,75,2,163,8,206.6,144.6),(4453,6,75,2,163,6,1.69,0.73),(4454,6,75,2,163,7,10,7),(4455,6,75,2,164,8,206.6,165.3),(4456,6,75,2,164,6,1.69,0.57),(4457,6,75,2,164,7,10,8),(4458,6,75,2,165,8,206.6,20.7),(4459,6,75,2,165,6,1.69,1.01),(4460,6,75,2,165,7,10,1),(4461,6,75,2,166,8,206.6,41.3),(4462,6,75,2,166,6,1.69,0.57),(4463,6,75,2,166,7,10,2),(4464,6,75,2,167,8,206.6,41.3),(4465,6,75,2,167,6,1.69,0.9),(4466,6,75,2,167,7,10,2),(4467,6,75,2,168,8,206.6,124),(4468,6,75,2,168,6,1.69,1.08),(4469,6,75,2,168,7,10,6),(4470,6,76,2,157,8,0,0),(4471,6,76,2,157,6,1.83,1.83),(4472,6,76,2,157,7,0,0),(4473,6,76,2,158,8,0,0),(4474,6,76,2,158,6,1.83,0.55),(4475,6,76,2,158,7,0,0),(4476,6,76,2,159,8,0,0),(4477,6,76,2,159,6,1.83,0.81),(4478,6,76,2,159,7,0,0),(4479,6,76,2,160,8,0,0),(4480,6,76,2,160,6,1.83,0.7),(4481,6,76,2,160,7,0,0),(4482,6,76,2,161,8,0,0),(4483,6,76,2,161,6,1.83,0.7),(4484,6,76,2,161,7,0,0),(4485,6,76,2,162,8,0,0),(4486,6,76,2,162,6,1.83,2.04),(4487,6,76,2,162,7,0,0),(4488,6,76,2,163,8,0,0),(4489,6,76,2,163,6,1.83,2.41),(4490,6,76,2,163,7,0,0),(4491,6,76,2,164,8,0,0),(4492,6,76,2,164,6,1.83,1.91),(4493,6,76,2,164,7,0,0),(4494,6,76,2,165,8,0,0),(4495,6,76,2,165,6,1.83,1.07),(4496,6,76,2,165,7,0,0),(4497,6,76,2,166,8,0,0),(4498,6,76,2,166,6,1.83,1.5),(4499,6,76,2,166,7,0,0),(4500,6,76,2,167,8,0,0),(4501,6,76,2,167,6,1.83,0.4),(4502,6,76,2,167,7,0,0),(4503,6,76,2,168,8,0,0),(4504,6,76,2,168,6,1.83,0.87),(4505,6,76,2,168,7,0,0),(4506,6,77,2,157,8,35.4,35.4),(4507,6,77,2,157,6,2.66,2.66),(4508,6,77,2,157,7,2,2),(4509,6,77,2,158,8,35.4,53.1),(4510,6,77,2,158,6,2.66,1.69),(4511,6,77,2,158,7,2,3),(4512,6,77,2,159,8,35.4,53.1),(4513,6,77,2,159,6,2.66,2.01),(4514,6,77,2,159,7,2,3),(4515,6,77,2,160,8,35.4,53.1),(4516,6,77,2,160,6,2.66,2.91),(4517,6,77,2,160,7,2,3),(4518,6,77,2,161,8,35.4,177.1),(4519,6,77,2,161,6,2.66,0.75),(4520,6,77,2,161,7,2,10),(4521,6,77,2,162,8,35.4,247.9),(4522,6,77,2,162,6,2.66,0.88),(4523,6,77,2,162,7,2,14),(4524,6,77,2,163,8,35.4,230.2),(4525,6,77,2,163,6,2.66,4.14),(4526,6,77,2,163,7,2,13),(4527,6,77,2,164,8,35.4,283.3),(4528,6,77,2,164,6,2.66,2.86),(4529,6,77,2,164,7,2,16),(4530,6,77,2,165,8,35.4,88.5),(4531,6,77,2,165,6,2.66,1.26),(4532,6,77,2,165,7,2,5),(4533,6,77,2,166,8,35.4,124),(4534,6,77,2,166,6,2.66,1.02),(4535,6,77,2,166,7,2,7),(4536,6,77,2,167,8,35.4,106.2),(4537,6,77,2,167,6,2.66,1.1),(4538,6,77,2,167,7,2,6),(4539,6,77,2,168,8,35.4,318.7),(4540,6,77,2,168,6,2.66,0.61),(4541,6,77,2,168,7,2,18),(4542,6,78,2,157,8,9.4,9.4),(4543,6,78,2,157,6,1.02,1.02),(4544,6,78,2,157,7,1,1),(4545,6,78,2,158,8,9.4,0),(4546,6,78,2,158,6,1.02,1.24),(4547,6,78,2,158,7,1,0),(4548,6,78,2,159,8,9.4,9.4),(4549,6,78,2,159,6,1.02,1.58),(4550,6,78,2,159,7,1,1),(4551,6,78,2,160,8,9.4,18.7),(4552,6,78,2,160,6,1.02,0.69),(4553,6,78,2,160,7,1,2),(4554,6,78,2,161,8,9.4,149.6),(4555,6,78,2,161,6,1.02,1.16),(4556,6,78,2,161,7,1,16),(4557,6,78,2,162,8,9.4,233.8),(4558,6,78,2,162,6,1.02,3.63),(4559,6,78,2,162,7,1,25),(4560,6,78,2,163,8,9.4,159),(4561,6,78,2,163,6,1.02,0.63),(4562,6,78,2,163,7,1,17),(4563,6,78,2,164,8,9.4,318),(4564,6,78,2,164,6,1.02,0.77),(4565,6,78,2,164,7,1,34),(4566,6,78,2,165,8,9.4,346),(4567,6,78,2,165,6,1.02,1.31),(4568,6,78,2,165,7,1,37),(4569,6,78,2,166,8,9.4,420.8),(4570,6,78,2,166,6,1.02,0.55),(4571,6,78,2,166,7,1,45),(4572,6,78,2,167,8,9.4,439.6),(4573,6,78,2,167,6,1.02,1.37),(4574,6,78,2,167,7,1,47),(4575,6,78,2,168,8,9.4,523.7),(4576,6,78,2,168,6,1.02,1.47),(4577,6,78,2,168,7,1,56),(4578,6,79,2,157,8,0,0),(4579,6,79,2,157,6,2.01,2.01),(4580,6,79,2,157,7,0,0),(4581,6,79,2,158,8,0,0),(4582,6,79,2,158,6,2.01,0.82),(4583,6,79,2,158,7,0,0),(4584,6,79,2,159,8,0,0),(4585,6,79,2,159,6,2.01,0.27),(4586,6,79,2,159,7,0,0),(4587,6,79,2,160,8,0,0),(4588,6,79,2,160,6,2.01,0.28),(4589,6,79,2,160,7,0,0),(4590,6,79,2,161,8,0,187.4),(4591,6,79,2,161,6,2.01,0.53),(4592,6,79,2,161,7,0,2),(4593,6,79,2,162,8,0,187.4),(4594,6,79,2,162,6,2.01,0.46),(4595,6,79,2,162,7,0,2),(4596,6,79,2,163,8,0,0),(4597,6,79,2,163,6,2.01,1.38),(4598,6,79,2,163,7,0,0),(4599,6,79,2,164,8,0,281.1),(4600,6,79,2,164,6,2.01,0.44),(4601,6,79,2,164,7,0,3),(4602,6,79,2,165,8,0,93.7),(4603,6,79,2,165,6,2.01,1.06),(4604,6,79,2,165,7,0,1),(4605,6,79,2,166,8,0,281.1),(4606,6,79,2,166,6,2.01,0.46),(4607,6,79,2,166,7,0,3),(4608,6,79,2,167,8,0,187.4),(4609,6,79,2,167,6,2.01,0.31),(4610,6,79,2,167,7,0,2),(4611,6,79,2,168,8,0,374.8),(4612,6,79,2,168,6,2.01,0.68),(4613,6,79,2,168,7,0,4),(4614,6,80,2,157,8,46.7,46.7),(4615,6,80,2,157,6,0.73,0.73),(4616,6,80,2,157,7,2,2),(4617,6,80,2,158,8,46.7,46.7),(4618,6,80,2,158,6,0.73,0.1),(4619,6,80,2,158,7,2,2),(4620,6,80,2,159,8,46.7,46.7),(4621,6,80,2,159,6,0.73,0.43),(4622,6,80,2,159,7,2,2),(4623,6,80,2,160,8,46.7,70.1),(4624,6,80,2,160,6,0.73,0.18),(4625,6,80,2,160,7,2,3),(4626,6,80,2,161,8,46.7,140.1),(4627,6,80,2,161,6,0.73,0.56),(4628,6,80,2,161,7,2,6),(4629,6,80,2,162,8,46.7,140.1),(4630,6,80,2,162,6,0.73,0.4),(4631,6,80,2,162,7,2,6),(4632,6,80,2,163,8,46.7,163.5),(4633,6,80,2,163,6,0.73,0.28),(4634,6,80,2,163,7,2,7),(4635,6,80,2,164,8,46.7,280.3),(4636,6,80,2,164,6,0.73,0.39),(4637,6,80,2,164,7,2,12),(4638,6,80,2,165,8,46.7,256.9),(4639,6,80,2,165,6,0.73,0.2),(4640,6,80,2,165,7,2,11),(4641,6,80,2,166,8,46.7,350.3),(4642,6,80,2,166,6,0.73,0.2),(4643,6,80,2,166,7,2,15),(4644,6,80,2,167,8,46.7,140.1),(4645,6,80,2,167,6,0.73,0.15),(4646,6,80,2,167,7,2,6),(4647,6,80,2,168,8,46.7,256.9),(4648,6,80,2,168,6,0.73,0.28),(4649,6,80,2,168,7,2,11),(4650,6,81,2,157,8,18.1,18.1),(4651,6,81,2,157,6,0.13,0.13),(4652,6,81,2,157,7,1,1),(4653,6,81,2,158,8,18.1,18.1),(4654,6,81,2,158,6,0.13,0.12),(4655,6,81,2,158,7,1,1),(4656,6,81,2,159,8,18.1,36.2),(4657,6,81,2,159,6,0.13,0.2),(4658,6,81,2,159,7,1,2),(4659,6,81,2,160,8,18.1,54.3),(4660,6,81,2,160,6,0.13,0.39),(4661,6,81,2,160,7,1,3),(4662,6,81,2,161,8,18.1,289.7),(4663,6,81,2,161,6,0.13,0.12),(4664,6,81,2,161,7,1,16),(4665,6,81,2,162,8,18.1,235.4),(4666,6,81,2,162,6,0.13,0.11),(4667,6,81,2,162,7,1,13),(4668,6,81,2,163,8,18.1,199.2),(4669,6,81,2,163,6,0.13,0.21),(4670,6,81,2,163,7,1,11),(4671,6,81,2,164,8,18.1,506.9),(4672,6,81,2,164,6,0.13,0.26),(4673,6,81,2,164,7,1,28),(4674,6,81,2,165,8,18.1,162.9),(4675,6,81,2,165,6,0.13,0.15),(4676,6,81,2,165,7,1,9),(4677,6,81,2,166,8,18.1,253.5),(4678,6,81,2,166,6,0.13,0.24),(4679,6,81,2,166,7,1,14),(4680,6,81,2,167,8,18.1,54.3),(4681,6,81,2,167,6,0.13,0.19),(4682,6,81,2,167,7,1,3),(4683,6,81,2,168,8,18.1,235.4),(4684,6,81,2,168,6,0.13,0.35),(4685,6,81,2,168,7,1,13),(4686,6,82,2,157,8,81.6,81.6),(4687,6,82,2,157,6,0.27,0.27),(4688,6,82,2,157,7,10,10),(4689,6,82,2,158,8,81.6,122.4),(4690,6,82,2,158,6,0.27,0.7),(4691,6,82,2,158,7,10,15),(4692,6,82,2,159,8,81.6,122.4),(4693,6,82,2,159,6,0.27,0.55),(4694,6,82,2,159,7,10,15),(4695,6,82,2,160,8,81.6,138.7),(4696,6,82,2,160,6,0.27,0.89),(4697,6,82,2,160,7,10,17),(4698,6,82,2,161,8,81.6,358.9),(4699,6,82,2,161,6,0.27,0.3),(4700,6,82,2,161,7,10,44),(4701,6,82,2,162,8,81.6,252.9),(4702,6,82,2,162,6,0.27,0.61),(4703,6,82,2,162,7,10,31),(4704,6,82,2,163,8,81.6,277.4),(4705,6,82,2,163,6,0.27,0.4),(4706,6,82,2,163,7,10,34),(4707,6,82,2,164,8,81.6,513.9),(4708,6,82,2,164,6,0.27,0.69),(4709,6,82,2,164,7,10,63),(4710,6,82,2,165,8,81.6,106),(4711,6,82,2,165,6,0.27,0.98),(4712,6,82,2,165,7,10,13),(4713,6,82,2,166,8,81.6,73.4),(4714,6,82,2,166,6,0.27,0.47),(4715,6,82,2,166,7,10,9),(4716,6,82,2,167,8,81.6,73.4),(4717,6,82,2,167,6,0.27,0.26),(4718,6,82,2,167,7,10,9),(4719,6,82,2,168,8,81.6,236.6),(4720,6,82,2,168,6,0.27,0.48),(4721,6,82,2,168,7,10,29),(4722,6,83,2,157,8,235.9,235.9),(4723,6,83,2,157,6,0.76,0.76),(4724,6,83,2,157,7,5,5),(4725,6,83,2,158,8,235.9,235.9),(4726,6,83,2,158,6,0.76,0.83),(4727,6,83,2,158,7,5,5),(4728,6,83,2,159,8,235.9,235.9),(4729,6,83,2,159,6,0.76,2.43),(4730,6,83,2,159,7,5,5),(4731,6,83,2,160,8,235.9,471.8),(4732,6,83,2,160,6,0.76,0.87),(4733,6,83,2,160,7,5,10),(4734,6,83,2,161,8,235.9,47.2),(4735,6,83,2,161,6,0.76,1.09),(4736,6,83,2,161,7,5,1),(4737,6,83,2,162,8,235.9,0),(4738,6,83,2,162,6,0.76,1.58),(4739,6,83,2,162,7,5,0),(4740,6,83,2,163,8,235.9,0),(4741,6,83,2,163,6,0.76,1.97),(4742,6,83,2,163,7,5,0),(4743,6,83,2,164,8,235.9,94.4),(4744,6,83,2,164,6,0.76,0.47),(4745,6,83,2,164,7,5,2),(4746,6,83,2,165,8,235.9,235.9),(4747,6,83,2,165,6,0.76,0.61),(4748,6,83,2,165,7,5,5),(4749,6,83,2,166,8,235.9,141.5),(4750,6,83,2,166,6,0.76,0.5),(4751,6,83,2,166,7,5,3),(4752,6,83,2,167,8,235.9,94.4),(4753,6,83,2,167,6,0.76,0.69),(4754,6,83,2,167,7,5,2),(4755,6,83,2,168,8,235.9,283.1),(4756,6,83,2,168,6,0.76,1.19),(4757,6,83,2,168,7,5,6),(4758,6,84,2,157,8,0,0),(4759,6,84,2,157,6,1.52,1.52),(4760,6,84,2,157,7,0,0),(4761,6,84,2,158,8,0,0),(4762,6,84,2,158,6,1.52,0.63),(4763,6,84,2,158,7,0,0),(4764,6,84,2,159,8,0,0),(4765,6,84,2,159,6,1.52,1.35),(4766,6,84,2,159,7,0,0),(4767,6,84,2,160,8,0,0),(4768,6,84,2,160,6,1.52,1.1),(4769,6,84,2,160,7,0,0),(4770,6,84,2,161,8,0,0),(4771,6,84,2,161,6,1.52,1.02),(4772,6,84,2,161,7,0,0),(4773,6,84,2,162,8,0,0),(4774,6,84,2,162,6,1.52,1.02),(4775,6,84,2,162,7,0,0),(4776,6,84,2,163,8,0,0),(4777,6,84,2,163,6,1.52,0.85),(4778,6,84,2,163,7,0,0),(4779,6,84,2,164,8,0,0),(4780,6,84,2,164,6,1.52,0.44),(4781,6,84,2,164,7,0,0),(4782,6,84,2,165,8,0,0),(4783,6,84,2,165,6,1.52,0.89),(4784,6,84,2,165,7,0,0),(4785,6,84,2,166,8,0,0),(4786,6,84,2,166,6,1.52,0.57),(4787,6,84,2,166,7,0,0),(4788,6,84,2,167,8,0,0),(4789,6,84,2,167,6,1.52,1.17),(4790,6,84,2,167,7,0,0),(4791,6,84,2,168,8,0,0),(4792,6,84,2,168,6,1.52,0.55),(4793,6,84,2,168,7,0,0),(4794,6,85,2,157,8,80.4,80.4),(4795,6,85,2,157,6,1.27,1.27),(4796,6,85,2,157,7,5,5),(4797,6,85,2,158,8,80.4,80.4),(4798,6,85,2,158,6,1.27,1.2),(4799,6,85,2,158,7,5,5),(4800,6,85,2,159,8,80.4,80.4),(4801,6,85,2,159,6,1.27,0.61),(4802,6,85,2,159,7,5,5),(4803,6,85,2,160,8,80.4,80.4),(4804,6,85,2,160,6,1.27,2.23),(4805,6,85,2,160,7,5,5),(4806,6,85,2,161,8,80.4,96.4),(4807,6,85,2,161,6,1.27,0.57),(4808,6,85,2,161,7,5,6),(4809,6,85,2,162,8,80.4,112.5),(4810,6,85,2,162,6,1.27,0.44),(4811,6,85,2,162,7,5,7),(4812,6,85,2,163,8,80.4,32.1),(4813,6,85,2,163,6,1.27,1.64),(4814,6,85,2,163,7,5,2),(4815,6,85,2,164,8,80.4,112.5),(4816,6,85,2,164,6,1.27,1.1),(4817,6,85,2,164,7,5,7),(4818,6,85,2,165,8,80.4,144.6),(4819,6,85,2,165,6,1.27,1.42),(4820,6,85,2,165,7,5,9),(4821,6,85,2,166,8,80.4,64.3),(4822,6,85,2,166,6,1.27,2.77),(4823,6,85,2,166,7,5,4),(4824,6,85,2,167,8,80.4,64.3),(4825,6,85,2,167,6,1.27,1.98),(4826,6,85,2,167,7,5,4),(4827,6,85,2,168,8,80.4,160.7),(4828,6,85,2,168,6,1.27,0.84),(4829,6,85,2,168,7,5,10),(4830,6,86,2,157,8,0,0),(4831,6,86,2,157,6,4.75,4.75),(4832,6,86,2,157,7,0,0),(4833,6,86,2,158,8,0,0),(4834,6,86,2,158,6,4.75,2.46),(4835,6,86,2,158,7,0,0),(4836,6,86,2,159,8,0,0),(4837,6,86,2,159,6,4.75,2.34),(4838,6,86,2,159,7,0,0),(4839,6,86,2,160,8,0,0),(4840,6,86,2,160,6,4.75,1.04),(4841,6,86,2,160,7,0,0),(4842,6,86,2,161,8,0,0),(4843,6,86,2,161,6,4.75,1.23),(4844,6,86,2,161,7,0,0),(4845,6,86,2,162,8,0,0),(4846,6,86,2,162,6,4.75,2.32),(4847,6,86,2,162,7,0,0),(4848,6,86,2,163,8,0,0),(4849,6,86,2,163,6,4.75,1.73),(4850,6,86,2,163,7,0,0),(4851,6,86,2,164,8,0,0),(4852,6,86,2,164,6,4.75,1.18),(4853,6,86,2,164,7,0,0),(4854,6,86,2,165,8,0,191),(4855,6,86,2,165,6,4.75,3.05),(4856,6,86,2,165,7,0,29),(4857,6,86,2,166,8,0,92.2),(4858,6,86,2,166,6,4.75,2.68),(4859,6,86,2,166,7,0,14),(4860,6,86,2,167,8,0,171.3),(4861,6,86,2,167,6,4.75,4.2),(4862,6,86,2,167,7,0,26),(4863,6,86,2,168,8,0,204.2),(4864,6,86,2,168,6,4.75,1.49),(4865,6,86,2,168,7,0,31),(4866,6,87,2,157,8,134.8,134.8),(4867,6,87,2,157,6,1.4,1.4),(4868,6,87,2,157,7,10,10),(4869,6,87,2,158,8,134.8,202.1),(4870,6,87,2,158,6,1.4,3.29),(4871,6,87,2,158,7,10,15),(4872,6,87,2,159,8,134.8,202.1),(4873,6,87,2,159,6,1.4,1.11),(4874,6,87,2,159,7,10,15),(4875,6,87,2,160,8,134.8,269.5),(4876,6,87,2,160,6,1.4,1.15),(4877,6,87,2,160,7,10,20),(4878,6,87,2,161,8,134.8,53.9),(4879,6,87,2,161,6,1.4,1.3),(4880,6,87,2,161,7,10,4),(4881,6,87,2,162,8,134.8,27),(4882,6,87,2,162,6,1.4,1.78),(4883,6,87,2,162,7,10,2),(4884,6,87,2,163,8,134.8,27),(4885,6,87,2,163,6,1.4,0.98),(4886,6,87,2,163,7,10,2),(4887,6,87,2,164,8,134.8,148.2),(4888,6,87,2,164,6,1.4,3.75),(4889,6,87,2,164,7,10,11),(4890,6,87,2,165,8,134.8,134.8),(4891,6,87,2,165,6,1.4,1.47),(4892,6,87,2,165,7,10,10),(4893,6,87,2,166,8,134.8,188.7),(4894,6,87,2,166,6,1.4,0.86),(4895,6,87,2,166,7,10,14),(4896,6,87,2,167,8,134.8,67.4),(4897,6,87,2,167,6,1.4,2.23),(4898,6,87,2,167,7,10,5),(4899,6,87,2,168,8,134.8,336.9),(4900,6,87,2,168,6,1.4,1.48),(4901,6,87,2,168,7,10,25),(4902,6,88,2,157,8,0,0),(4903,6,88,2,157,6,1.06,1.06),(4904,6,88,2,157,7,0,0),(4905,6,88,2,158,8,0,0),(4906,6,88,2,158,6,1.06,1.94),(4907,6,88,2,158,7,0,0),(4908,6,88,2,159,8,0,0),(4909,6,88,2,159,6,1.06,0.76),(4910,6,88,2,159,7,0,0),(4911,6,88,2,160,8,0,0),(4912,6,88,2,160,6,1.06,0.89),(4913,6,88,2,160,7,0,0),(4914,6,88,2,161,8,0,329.1),(4915,6,88,2,161,6,1.06,1.47),(4916,6,88,2,161,7,0,25),(4917,6,88,2,162,8,0,263.3),(4918,6,88,2,162,6,1.06,3.58),(4919,6,88,2,162,7,0,20),(4920,6,88,2,163,8,0,250.1),(4921,6,88,2,163,6,1.06,1.66),(4922,6,88,2,163,7,0,19),(4923,6,88,2,164,8,0,329.1),(4924,6,88,2,164,6,1.06,1.11),(4925,6,88,2,164,7,0,25),(4926,6,88,2,165,8,0,223.8),(4927,6,88,2,165,6,1.06,0.79),(4928,6,88,2,165,7,0,17),(4929,6,88,2,166,8,0,236.9),(4930,6,88,2,166,6,1.06,1.21),(4931,6,88,2,166,7,0,18),(4932,6,88,2,167,8,0,92.1),(4933,6,88,2,167,6,1.06,1.7),(4934,6,88,2,167,7,0,7),(4935,6,88,2,168,8,0,158),(4936,6,88,2,168,6,1.06,0.74),(4937,6,88,2,168,7,0,12),(4938,6,89,2,157,8,373.6,373.6),(4939,6,89,2,157,6,2.39,2.39),(4940,6,89,2,157,7,12,12),(4941,6,89,2,158,8,373.6,373.6),(4942,6,89,2,158,6,2.39,0.96),(4943,6,89,2,158,7,12,12),(4944,6,89,2,159,8,373.6,373.6),(4945,6,89,2,159,6,2.39,2.69),(4946,6,89,2,159,7,12,12),(4947,6,89,2,160,8,373.6,373.6),(4948,6,89,2,160,6,2.39,1.22),(4949,6,89,2,160,7,12,12),(4950,6,89,2,161,8,373.6,0),(4951,6,89,2,161,6,2.39,2.17),(4952,6,89,2,161,7,12,0),(4953,6,89,2,162,8,373.6,0),(4954,6,89,2,162,6,2.39,1.07),(4955,6,89,2,162,7,12,0),(4956,6,89,2,163,8,373.6,0),(4957,6,89,2,163,6,2.39,2.47),(4958,6,89,2,163,7,12,0),(4959,6,89,2,164,8,373.6,0),(4960,6,89,2,164,6,2.39,1.73),(4961,6,89,2,164,7,12,0),(4962,6,89,2,165,8,373.6,560.3),(4963,6,89,2,165,6,2.39,1.89),(4964,6,89,2,165,7,12,18),(4965,6,89,2,166,8,373.6,342.4),(4966,6,89,2,166,6,2.39,1.65),(4967,6,89,2,166,7,12,11),(4968,6,89,2,167,8,373.6,871.6),(4969,6,89,2,167,6,2.39,3.76),(4970,6,89,2,167,7,12,28),(4971,6,89,2,168,8,373.6,933.9),(4972,6,89,2,168,6,2.39,1.31),(4973,6,89,2,168,7,12,30),(4974,6,90,2,157,8,286.6,286.6),(4975,6,90,2,157,6,2.3,2.3),(4976,6,90,2,157,7,16,16),(4977,6,90,2,158,8,286.6,268.6),(4978,6,90,2,158,6,2.3,1.74),(4979,6,90,2,158,7,16,15),(4980,6,90,2,159,8,286.6,268.6),(4981,6,90,2,159,6,2.3,1.26),(4982,6,90,2,159,7,16,15),(4983,6,90,2,160,8,286.6,358.2),(4984,6,90,2,160,6,2.3,0.68),(4985,6,90,2,160,7,16,20),(4986,6,90,2,161,8,286.6,89.5),(4987,6,90,2,161,6,2.3,0.82),(4988,6,90,2,161,7,16,5),(4989,6,90,2,162,8,286.6,197),(4990,6,90,2,162,6,2.3,0.57),(4991,6,90,2,162,7,16,11),(4992,6,90,2,163,8,286.6,89.5),(4993,6,90,2,163,6,2.3,2.26),(4994,6,90,2,163,7,16,5),(4995,6,90,2,164,8,286.6,161.2),(4996,6,90,2,164,6,2.3,1.71),(4997,6,90,2,164,7,16,9),(4998,6,90,2,165,8,286.6,107.5),(4999,6,90,2,165,6,2.3,2.68),(5000,6,90,2,165,7,16,6),(5001,6,90,2,166,8,286.6,89.5),(5002,6,90,2,166,6,2.3,0.9),(5003,6,90,2,166,7,16,5),(5004,6,90,2,167,8,286.6,17.9),(5005,6,90,2,167,6,2.3,0.94),(5006,6,90,2,167,7,16,1),(5007,6,90,2,168,8,286.6,143.3),(5008,6,90,2,168,6,2.3,1.27),(5009,6,90,2,168,7,16,8),(5010,6,91,2,157,8,0,0),(5011,6,91,2,157,6,0.55,0.55),(5012,6,91,2,157,7,0,0),(5013,6,91,2,158,8,0,0),(5014,6,91,2,158,6,0.55,0.23),(5015,6,91,2,158,7,0,0),(5016,6,91,2,159,8,0,0),(5017,6,91,2,159,6,0.55,0.38),(5018,6,91,2,159,7,0,0),(5019,6,91,2,160,8,0,0),(5020,6,91,2,160,6,0.55,0.41),(5021,6,91,2,160,7,0,0),(5022,6,91,2,161,8,0,78.4),(5023,6,91,2,161,6,0.55,0.72),(5024,6,91,2,161,7,0,2),(5025,6,91,2,162,8,0,78.4),(5026,6,91,2,162,6,0.55,0.37),(5027,6,91,2,162,7,0,2),(5028,6,91,2,163,8,0,78.4),(5029,6,91,2,163,6,0.55,0.35),(5030,6,91,2,163,7,0,2),(5031,6,91,2,164,8,0,235.1),(5032,6,91,2,164,6,0.55,0.21),(5033,6,91,2,164,7,0,6),(5034,6,91,2,165,8,0,0),(5035,6,91,2,165,6,0.55,0.42),(5036,6,91,2,165,7,0,0),(5037,6,91,2,166,8,0,0),(5038,6,91,2,166,6,0.55,0.45),(5039,6,91,2,166,7,0,0),(5040,6,91,2,167,8,0,0),(5041,6,91,2,167,6,0.55,0.78),(5042,6,91,2,167,7,0,0),(5043,6,91,2,168,8,0,0),(5044,6,91,2,168,6,0.55,0.59),(5045,6,91,2,168,7,0,0),(5046,6,92,2,157,8,43.3,43.3),(5047,6,92,2,157,6,0.64,0.64),(5048,6,92,2,157,7,1,1),(5049,6,92,2,158,8,43.3,43.3),(5050,6,92,2,158,6,0.64,1.75),(5051,6,92,2,158,7,1,1),(5052,6,92,2,159,8,43.3,43.3),(5053,6,92,2,159,6,0.64,0.57),(5054,6,92,2,159,7,1,1),(5055,6,92,2,160,8,43.3,86.7),(5056,6,92,2,160,6,0.64,0.53),(5057,6,92,2,160,7,1,2),(5058,6,92,2,161,8,43.3,0),(5059,6,92,2,161,6,0.64,0.22),(5060,6,92,2,161,7,1,0),(5061,6,92,2,162,8,43.3,43.3),(5062,6,92,2,162,6,0.64,0.5),(5063,6,92,2,162,7,1,1),(5064,6,92,2,163,8,43.3,0),(5065,6,92,2,163,6,0.64,0.25),(5066,6,92,2,163,7,1,0),(5067,6,92,2,164,8,43.3,130),(5068,6,92,2,164,6,0.64,1.24),(5069,6,92,2,164,7,1,3),(5070,6,92,2,165,8,43.3,130),(5071,6,92,2,165,6,0.64,0.3),(5072,6,92,2,165,7,1,3),(5073,6,92,2,166,8,43.3,86.7),(5074,6,92,2,166,6,0.64,0.63),(5075,6,92,2,166,7,1,2),(5076,6,92,2,167,8,43.3,43.3),(5077,6,92,2,167,6,0.64,0.23),(5078,6,92,2,167,7,1,1),(5079,6,92,2,168,8,43.3,173.3),(5080,6,92,2,168,6,0.64,0.35),(5081,6,92,2,168,7,1,4),(5082,6,93,2,157,8,118.2,118.2),(5083,6,93,2,157,6,0.78,0.78),(5084,6,93,2,157,7,4,4),(5085,6,93,2,158,8,118.2,147.8),(5086,6,93,2,158,6,0.78,0.81),(5087,6,93,2,158,7,4,5),(5088,6,93,2,159,8,118.2,147.8),(5089,6,93,2,159,6,0.78,0.96),(5090,6,93,2,159,7,4,5),(5091,6,93,2,160,8,118.2,147.8),(5092,6,93,2,160,6,0.78,1.28),(5093,6,93,2,160,7,4,5),(5094,6,93,2,161,8,118.2,29.6),(5095,6,93,2,161,6,0.78,0.71),(5096,6,93,2,161,7,4,1),(5097,6,93,2,162,8,118.2,29.6),(5098,6,93,2,162,6,0.78,0.5),(5099,6,93,2,162,7,4,1),(5100,6,93,2,163,8,118.2,59.1),(5101,6,93,2,163,6,0.78,1.13),(5102,6,93,2,163,7,4,2),(5103,6,93,2,164,8,118.2,88.7),(5104,6,93,2,164,6,0.78,0.44),(5105,6,93,2,164,7,4,3),(5106,6,93,2,165,8,118.2,118.2),(5107,6,93,2,165,6,0.78,0.29),(5108,6,93,2,165,7,4,4),(5109,6,93,2,166,8,118.2,384.2),(5110,6,93,2,166,6,0.78,0.53),(5111,6,93,2,166,7,4,13),(5112,6,93,2,167,8,118.2,177.3),(5113,6,93,2,167,6,0.78,0.42),(5114,6,93,2,167,7,4,6),(5115,6,93,2,168,8,118.2,295.5),(5116,6,93,2,168,6,0.78,0.67),(5117,6,93,2,168,7,4,10),(5118,6,94,2,157,8,171.7,171.7),(5119,6,94,2,157,6,0.36,0.36),(5120,6,94,2,157,7,30,30),(5121,6,94,2,158,8,171.7,229),(5122,6,94,2,158,6,0.36,1.34),(5123,6,94,2,158,7,30,40),(5124,6,94,2,159,8,171.7,229),(5125,6,94,2,159,6,0.36,1.79),(5126,6,94,2,159,7,30,40),(5127,6,94,2,160,8,171.7,257.6),(5128,6,94,2,160,6,0.36,0.49),(5129,6,94,2,160,7,30,45),(5130,6,94,2,161,8,171.7,749.9),(5131,6,94,2,161,6,0.36,0.91),(5132,6,94,2,161,7,30,131),(5133,6,94,2,162,8,171.7,669.8),(5134,6,94,2,162,6,0.36,1.83),(5135,6,94,2,162,7,30,117),(5136,6,94,2,163,8,171.7,120.2),(5137,6,94,2,163,6,0.36,1.04),(5138,6,94,2,163,7,30,21),(5139,6,94,2,164,8,171.7,572.4),(5140,6,94,2,164,6,0.36,0.85),(5141,6,94,2,164,7,30,100),(5142,6,94,2,165,8,171.7,383.5),(5143,6,94,2,165,6,0.36,1.47),(5144,6,94,2,165,7,30,67),(5145,6,94,2,166,8,171.7,366.4),(5146,6,94,2,166,6,0.36,0.51),(5147,6,94,2,166,7,30,64),(5148,6,94,2,167,8,171.7,372.1),(5149,6,94,2,167,6,0.36,0.32),(5150,6,94,2,167,7,30,65),(5151,6,94,2,168,8,171.7,561),(5152,6,94,2,168,6,0.36,1.78),(5153,6,94,2,168,7,30,98),(5154,6,95,2,157,8,0,0),(5155,6,95,2,157,6,1.08,1.08),(5156,6,95,2,157,7,0,0),(5157,6,95,2,158,8,0,0),(5158,6,95,2,158,6,1.08,1.46),(5159,6,95,2,158,7,0,0),(5160,6,95,2,159,8,0,0),(5161,6,95,2,159,6,1.08,1.04),(5162,6,95,2,159,7,0,0),(5163,6,95,2,160,8,0,0),(5164,6,95,2,160,6,1.08,2.65),(5165,6,95,2,160,7,0,0),(5166,6,95,2,161,8,0,0),(5167,6,95,2,161,6,1.08,1.08),(5168,6,95,2,161,7,0,0),(5169,6,95,2,162,8,0,0),(5170,6,95,2,162,6,1.08,0.62),(5171,6,95,2,162,7,0,0),(5172,6,95,2,163,8,0,0),(5173,6,95,2,163,6,1.08,1.18),(5174,6,95,2,163,7,0,0),(5175,6,95,2,164,8,0,0),(5176,6,95,2,164,6,1.08,0.68),(5177,6,95,2,164,7,0,0),(5178,6,95,2,165,8,0,0),(5179,6,95,2,165,6,1.08,3.51),(5180,6,95,2,165,7,0,0),(5181,6,95,2,166,8,0,0),(5182,6,95,2,166,6,1.08,1.07),(5183,6,95,2,166,7,0,0),(5184,6,95,2,167,8,0,0),(5185,6,95,2,167,6,1.08,2.45),(5186,6,95,2,167,7,0,0),(5187,6,95,2,168,8,0,0),(5188,6,95,2,168,6,1.08,1.13),(5189,6,95,2,168,7,0,0),(5190,6,96,2,157,8,86.5,86.5),(5191,6,96,2,157,6,0.85,0.85),(5192,6,96,2,157,7,7,7),(5193,6,96,2,158,8,86.5,86.5),(5194,6,96,2,158,6,0.85,2.2),(5195,6,96,2,158,7,7,7),(5196,6,96,2,159,8,86.5,86.5),(5197,6,96,2,159,6,0.85,2.29),(5198,6,96,2,159,7,7,7),(5199,6,96,2,160,8,86.5,98.8),(5200,6,96,2,160,6,0.85,6.13),(5201,6,96,2,160,7,7,8),(5202,6,96,2,161,8,86.5,654.6),(5203,6,96,2,161,6,0.85,4.36),(5204,6,96,2,161,7,7,53),(5205,6,96,2,162,8,86.5,617.6),(5206,6,96,2,162,6,0.85,0.93),(5207,6,96,2,162,7,7,50),(5208,6,96,2,163,8,86.5,901.7),(5209,6,96,2,163,6,0.85,0.89),(5210,6,96,2,163,7,7,73),(5211,6,96,2,164,8,86.5,1210.4),(5212,6,96,2,164,6,0.85,2.73),(5213,6,96,2,164,7,7,98),(5214,6,96,2,165,8,86.5,1025.2),(5215,6,96,2,165,6,0.85,1.78),(5216,6,96,2,165,7,7,83),(5217,6,96,2,166,8,86.5,1173.4),(5218,6,96,2,166,6,0.85,1.35),(5219,6,96,2,166,7,7,95),(5220,6,96,2,167,8,86.5,654.6),(5221,6,96,2,167,6,0.85,1.75),(5222,6,96,2,167,7,7,53),(5223,6,96,2,168,8,86.5,1062.2),(5224,6,96,2,168,6,0.85,1.16),(5225,6,96,2,168,7,7,86);
/*!40000 ALTER TABLE `vente` ENABLE KEYS */;
UNLOCK TABLES;
/*!40103 SET TIME_ZONE=@OLD_TIME_ZONE */;

/*!40101 SET SQL_MODE=@OLD_SQL_MODE */;
/*!40014 SET FOREIGN_KEY_CHECKS=@OLD_FOREIGN_KEY_CHECKS */;
/*!40014 SET UNIQUE_CHECKS=@OLD_UNIQUE_CHECKS */;
/*!40101 SET CHARACTER_SET_CLIENT=@OLD_CHARACTER_SET_CLIENT */;
/*!40101 SET CHARACTER_SET_RESULTS=@OLD_CHARACTER_SET_RESULTS */;
/*!40101 SET COLLATION_CONNECTION=@OLD_COLLATION_CONNECTION */;
/*!40111 SET SQL_NOTES=@OLD_SQL_NOTES */;

-- Dump completed on 2019-05-05  2:44:28
